,gamma_2.5,gamma_2.5,gamma_3.1,gamma_3.1,gamma_3.5,gamma_3.5,gamma_4,gamma_4,ER_1.5,ER_1.5,ER_2,ER_2,ER_6,ER_6
,Markovian,Non-Markovian,Markovian,Non-Markovian,Markovian,Non-Markovian,Markovian,Non-Markovian,Markovian,Non-Markovian,Markovian,Non-Markovian,Markovian,Non-Markovian
2017-07-28,0,0,0,0,0,0,0,0,0,0,0,0,0,0
2017-07-29,5,5,5,5,5,5,5,5,5,5,5,5,6,5
2017-07-30,5,5,5,5,5,5,5,5,5,5,5,5,8,5
2017-07-31,5,5,5,5,5,5,5,5,5,5,5,5,9,5
2017-08-01,5,5,5,5,5,5,5,5,5,5,5,5,10,5
2017-08-02,5,5,5,5,5,5,5,5,5,5,5,5,11,5
2017-08-03,5,5,5,5,5,5,5,5,5,5,5,5,14,5
2017-08-04,5,5,5,5,5,5,5,5,5,5,5,5,20,5
2017-08-05,5,5,5,5,5,5,5,5,5,5,5,5,25,5
2017-08-06,5,5,6,5,5,5,5,5,5,5,5,5,29,6
2017-08-07,5,5,6,5,5,5,5,5,5,5,5,5,34,6
2017-08-08,5,5,6,5,12,5,6,5,5,5,5,5,41,6
2017-08-09,5,5,6,6,17,5,6,5,6,5,6,7,50,6
2017-08-10,5,5,6,6,22,5,6,5,6,5,6,7,56,6
2017-08-11,5,5,6,6,26,5,6,5,6,5,6,7,61,6
2017-08-12,5,5,6,6,29,5,6,5,6,5,6,7,69,7
2017-08-13,5,5,6,6,34,5,6,5,6,6,6,7,74,7
2017-08-14,5,5,6,6,41,5,7,5,6,6,7,7,79,7
2017-08-15,5,5,6,7,52,5,7,5,6,6,7,7,87,7
2017-08-16,5,5,6,7,57,5,7,5,6,6,7,7,93,8
2017-08-17,5,5,6,7,63,5,7,5,6,6,7,7,98,8
2017-08-18,5,6,6,7,66,5,7,5,6,6,9,8,107,9
2017-08-19,5,6,6,8,73,5,7,5,6,6,9,8,116,10
2017-08-20,5,6,6,8,79,5,7,5,7,6,9,8,132,10
2017-08-21,5,6,6,8,86,5,7,6,7,6,9,8,151,11
2017-08-22,5,6,6,8,93,5,7,6,8,6,9,9,172,11
2017-08-23,5,6,6,8,104,5,7,6,8,6,9,9,182,11
2017-08-24,5,7,6,8,111,5,8,6,8,6,9,12,195,12
2017-08-25,5,8,6,9,119,5,8,6,8,6,9,12,209,12
2017-08-26,5,8,7,9,126,5,8,6,8,6,10,12,226,12
2017-08-27,5,8,7,9,132,5,8,6,9,6,10,12,245,13
2017-08-28,5,8,7,10,139,5,8,6,9,6,10,12,269,13
2017-08-29,5,8,8,10,145,5,8,6,10,7,11,12,291,14
2017-08-30,5,8,8,11,153,5,8,6,10,7,11,12,325,14
2017-08-31,6,8,8,11,162,5,8,6,10,7,11,12,350,14
2017-09-01,11,9,8,12,171,5,8,7,11,7,11,12,390,14
2017-09-02,13,10,8,12,181,5,8,7,11,7,11,12,418,14
2017-09-03,14,11,8,13,188,6,8,7,12,7,11,14,453,16
2017-09-04,21,11,9,13,199,6,8,7,12,7,11,15,506,18
2017-09-05,26,11,9,14,210,6,8,7,12,7,11,16,559,18
2017-09-06,44,11,9,14,217,7,8,8,12,7,11,16,610,20
2017-09-07,57,11,10,14,224,7,8,8,12,7,11,17,668,21
2017-09-08,80,11,10,15,230,7,8,8,12,8,11,17,723,22
2017-09-09,114,12,10,16,239,7,8,8,12,8,11,17,782,23
2017-09-10,147,13,10,16,250,7,9,8,12,11,12,17,828,23
2017-09-11,184,14,10,16,264,7,9,8,12,11,12,17,893,25
2017-09-12,224,15,10,17,276,7,9,8,12,11,12,17,960,26
2017-09-13,269,15,10,18,284,7,9,8,13,11,12,17,1033,27
2017-09-14,309,17,10,19,295,7,9,8,13,11,13,17,1118,30
2017-09-15,348,17,10,19,304,7,9,8,13,11,13,17,1208,32
2017-09-16,405,17,11,19,314,7,9,8,14,11,13,17,1293,34
2017-09-17,454,17,13,19,328,7,9,8,14,12,13,17,1377,37
2017-09-18,510,18,15,21,342,7,9,9,14,12,13,18,1471,41
2017-09-19,556,21,15,22,355,7,9,9,15,12,13,18,1582,41
2017-09-20,627,22,21,23,371,7,9,9,17,12,13,18,1702,41
2017-09-21,690,27,22,24,384,8,9,10,18,12,14,18,1812,42
2017-09-22,760,27,22,24,390,8,9,10,18,12,14,19,1917,44
2017-09-23,833,35,23,25,408,8,9,10,19,12,14,19,2023,47
2017-09-24,900,38,24,26,426,8,9,10,19,12,14,20,2130,50
2017-09-25,971,39,24,28,442,8,9,10,19,12,15,20,2235,51
2017-09-26,1030,43,26,29,451,8,9,10,20,12,16,20,2357,52
2017-09-27,1097,49,28,30,464,8,9,10,20,12,16,20,2461,55
2017-09-28,1164,53,29,33,481,8,9,10,20,12,16,20,2542,58
2017-09-29,1222,56,32,35,499,8,9,10,20,12,16,20,2652,59
2017-09-30,1286,62,34,35,514,8,9,10,20,12,17,20,2757,61
2017-10-01,1337,72,35,36,531,8,9,10,20,13,18,20,2855,64
2017-10-02,1390,74,37,37,545,8,10,10,20,13,19,22,2976,66
2017-10-03,1447,85,40,39,559,8,11,10,20,13,20,22,3095,69
2017-10-04,1503,94,41,42,567,8,11,10,21,13,20,22,3205,71
2017-10-05,1553,101,42,43,581,8,12,11,21,13,21,22,3311,76
2017-10-06,1601,108,45,44,593,8,12,11,21,14,21,22,3394,81
2017-10-07,1649,117,49,47,607,8,12,11,22,14,21,22,3472,83
2017-10-08,1714,128,51,50,625,8,12,11,22,14,21,22,3566,90
2017-10-09,1757,143,54,51,640,8,12,11,22,16,21,24,3648,96
2017-10-10,1809,154,55,54,655,8,12,11,22,16,23,24,3737,99
2017-10-11,1853,163,55,57,669,8,14,11,23,16,23,25,3820,100
2017-10-12,1894,182,59,57,681,8,14,12,23,18,24,26,3877,104
2017-10-13,1944,198,61,59,689,8,14,13,24,18,24,26,3939,106
2017-10-14,1981,215,63,59,705,8,14,13,25,18,24,26,3995,108
2017-10-15,2016,231,64,59,720,8,14,13,25,18,24,27,4056,115
2017-10-16,2055,256,67,59,737,8,14,13,26,18,24,27,4098,122
2017-10-17,2096,275,71,65,754,8,15,14,26,18,24,27,4163,126
2017-10-18,2135,294,74,68,774,8,15,14,26,19,24,27,4212,130
2017-10-19,2171,320,80,69,788,8,15,14,27,19,24,27,4250,132
2017-10-20,2218,341,87,71,806,8,15,14,27,19,24,28,4291,136
2017-10-21,2257,365,93,73,818,8,15,14,27,19,24,28,4336,141
2017-10-22,2289,398,105,75,832,8,15,14,27,19,24,29,4366,149
2017-10-23,2326,429,109,75,840,8,16,14,27,19,24,29,4392,153
2017-10-24,2360,457,114,81,855,8,16,15,27,20,25,30,4432,165
2017-10-25,2391,474,120,87,868,8,16,15,27,20,25,32,4463,171
2017-10-26,2420,494,130,91,881,8,16,15,27,20,25,32,4488,177
2017-10-27,2458,515,141,92,895,8,17,15,27,21,25,32,4510,185
2017-10-28,2485,555,156,95,910,8,17,15,27,21,25,33,4534,197
2017-10-29,2517,592,168,96,927,8,17,15,27,21,26,33,4554,211
2017-10-30,2542,627,183,97,938,8,18,15,27,21,26,33,4574,220
2017-10-31,2572,658,194,101,952,8,18,15,28,21,27,34,4593,231
2017-11-01,2608,695,212,103,976,8,18,17,29,22,27,35,4611,236
2017-11-02,2636,745,227,108,992,8,19,17,31,23,27,37,4633,242
2017-11-03,2662,782,245,112,1007,8,19,18,31,23,27,37,4655,249
2017-11-04,2684,816,253,118,1024,8,19,18,31,24,27,37,4673,259
2017-11-05,2706,847,261,120,1038,8,19,18,31,25,27,38,4691,273
2017-11-06,2725,879,274,123,1052,8,19,18,31,25,27,38,4713,286
2017-11-07,2748,921,284,127,1072,8,19,19,32,25,28,38,4729,301
2017-11-08,2781,965,297,130,1088,8,19,19,32,26,28,38,4738,314
2017-11-09,2815,999,307,135,1103,8,20,19,32,26,28,38,4753,336
2017-11-10,2837,1035,321,139,1127,8,20,19,33,26,28,39,4762,349
2017-11-11,2860,1080,333,144,1151,8,20,20,33,26,28,42,4779,360
2017-11-12,2884,1117,346,152,1168,8,20,20,33,26,29,44,4790,378
2017-11-13,2906,1158,362,161,1182,9,21,20,33,27,30,45,4797,389
2017-11-14,2929,1196,381,167,1200,9,21,21,33,27,30,46,4808,396
2017-11-15,2941,1241,398,172,1219,9,21,22,33,27,31,46,4815,422
2017-11-16,2954,1278,408,175,1230,9,22,22,33,27,31,46,4822,437
2017-11-17,2983,1325,429,180,1241,9,23,22,33,27,31,48,4828,458
2017-11-18,3002,1371,454,184,1252,9,23,23,36,27,32,50,4834,481
2017-11-19,3026,1411,473,191,1269,9,23,23,36,27,32,50,4842,500
2017-11-20,3044,1446,489,198,1280,9,23,24,36,30,35,51,4845,518
2017-11-21,3063,1498,511,206,1301,9,24,24,36,30,35,51,4849,541
2017-11-22,3082,1545,529,211,1308,9,25,25,36,31,38,51,4853,563
2017-11-23,3100,1593,546,219,1330,9,26,26,36,31,41,52,4857,587
2017-11-24,3113,1631,567,228,1346,9,27,26,36,32,43,52,4866,617
2017-11-25,3130,1671,596,233,1361,9,28,26,37,32,44,52,4871,641
2017-11-26,3155,1715,618,240,1380,9,28,26,37,33,44,53,4874,669
2017-11-27,3165,1769,643,248,1393,9,28,27,38,33,45,55,4878,692
2017-11-28,3177,1822,662,261,1405,9,28,27,41,33,47,58,4883,714
2017-11-29,3189,1867,684,266,1425,9,28,27,41,33,48,59,4885,736
2017-11-30,3201,1911,718,272,1443,9,28,29,41,34,48,59,4890,769
2017-12-01,3214,1967,739,282,1463,9,28,29,41,35,52,62,4894,805
2017-12-02,3227,2015,766,289,1482,9,28,29,41,37,53,64,4900,846
2017-12-03,3244,2053,789,294,1503,9,28,29,41,37,54,64,4902,884
2017-12-04,3257,2092,826,300,1515,9,29,29,42,39,55,66,4908,920
2017-12-05,3272,2125,857,309,1530,9,29,29,44,39,57,66,4911,962
2017-12-06,3288,2171,889,320,1551,9,30,29,44,40,58,66,4914,1001
2017-12-07,3299,2218,906,327,1562,9,31,29,44,41,58,68,4918,1034
2017-12-08,3307,2255,930,340,1582,9,31,31,44,42,60,68,4923,1078
2017-12-09,3317,2296,959,352,1594,9,31,31,44,42,61,70,4925,1126
2017-12-10,3331,2331,988,360,1609,9,33,31,44,42,61,73,4927,1169
2017-12-11,3345,2364,1006,368,1623,9,34,32,45,43,61,76,4928,1206
2017-12-12,3354,2392,1024,385,1639,9,36,32,45,43,62,77,4929,1245
2017-12-13,3363,2420,1042,391,1656,9,36,32,45,43,62,78,4930,1293
2017-12-14,3375,2457,1070,401,1674,9,37,32,45,43,64,81,4930,1333
2017-12-15,3383,2500,1089,412,1686,9,38,32,46,43,68,81,4931,1375
2017-12-16,3391,2528,1105,426,1702,9,40,33,46,44,68,82,4931,1438
2017-12-17,3402,2559,1126,435,1721,9,43,33,46,45,68,82,4934,1482
2017-12-18,3412,2596,1144,445,1735,9,44,34,46,45,71,83,4936,1533
2017-12-19,3416,2632,1171,461,1754,9,45,36,46,46,73,85,4939,1591
2017-12-20,3430,2658,1204,473,1770,9,45,36,47,46,76,89,4942,1651
2017-12-21,3434,2688,1224,487,1791,9,45,37,47,46,77,90,4943,1705
2017-12-22,3443,2718,1249,499,1805,9,45,37,48,46,80,90,4943,1747
2017-12-23,3453,2745,1273,510,1817,9,47,37,48,48,80,91,4944,1815
2017-12-24,3463,2771,1295,527,1833,9,49,38,48,48,81,94,4945,1868
2017-12-25,3471,2803,1315,542,1851,10,51,39,48,51,82,95,4945,1917
2017-12-26,3480,2843,1336,554,1862,10,51,39,48,53,86,97,4947,1975
2017-12-27,3487,2860,1359,569,1874,10,52,40,48,53,88,101,4951,2033
2017-12-28,3493,2887,1382,588,1882,10,52,40,48,53,89,101,4951,2092
2017-12-29,3503,2912,1401,603,1899,10,53,40,48,54,90,102,4951,2157
2017-12-30,3514,2933,1423,616,1910,10,53,40,48,54,91,104,4951,2231
2017-12-31,3516,2950,1441,625,1923,10,55,40,49,55,94,106,4951,2284
2018-01-01,3520,2967,1461,638,1935,10,55,41,49,56,97,107,4951,2348
2018-01-02,3529,2990,1487,648,1950,10,57,41,49,59,98,110,4951,2417
2018-01-03,3542,3019,1502,671,1973,11,58,42,49,61,101,112,4951,2490
2018-01-04,3550,3040,1523,690,1988,11,58,43,50,61,101,116,4954,2560
2018-01-05,3554,3064,1550,706,2005,11,60,44,52,62,103,118,4954,2633
2018-01-06,3559,3091,1574,721,2017,11,61,44,52,62,106,119,4955,2704
2018-01-07,3564,3119,1600,740,2028,11,62,44,54,63,106,120,4956,2761
2018-01-08,3570,3140,1622,753,2043,11,63,44,55,64,112,123,4957,2841
2018-01-09,3577,3161,1649,771,2060,11,63,44,55,65,112,127,4958,2906
2018-01-10,3582,3182,1678,786,2070,11,63,44,56,66,115,127,4962,2966
2018-01-11,3590,3211,1695,801,2084,11,63,44,57,67,117,128,4964,3036
2018-01-12,3595,3229,1722,819,2102,11,63,44,57,69,118,131,4964,3099
2018-01-13,3596,3249,1744,838,2118,11,63,45,57,71,118,132,4965,3170
2018-01-14,3605,3259,1770,848,2131,11,63,45,57,71,120,136,4965,3245
2018-01-15,3613,3279,1793,868,2139,11,63,46,57,73,123,140,4965,3308
2018-01-16,3616,3295,1822,884,2150,12,64,46,57,75,124,143,4965,3370
2018-01-17,3621,3307,1845,900,2163,12,65,47,58,75,126,145,4967,3432
2018-01-18,3623,3321,1854,916,2178,12,66,47,59,76,128,146,4967,3493
2018-01-19,3628,3338,1875,938,2195,12,68,47,60,77,130,150,4968,3544
2018-01-20,3631,3348,1905,959,2208,12,69,48,61,79,133,152,4968,3607
2018-01-21,3638,3367,1929,979,2224,12,69,49,61,79,133,152,4969,3667
2018-01-22,3642,3393,1943,1000,2236,12,69,51,61,81,134,154,4970,3727
2018-01-23,3647,3402,1960,1018,2248,12,69,51,61,82,139,156,4970,3779
2018-01-24,3653,3414,1980,1039,2261,12,71,51,61,83,144,158,4970,3836
2018-01-25,3657,3431,1995,1061,2267,12,71,53,63,84,146,162,4971,3888
2018-01-26,3659,3444,2015,1086,2286,12,75,53,63,86,148,164,4972,3931
2018-01-27,3660,3463,2032,1105,2295,12,75,54,63,87,152,166,4972,3985
2018-01-28,3663,3473,2053,1125,2311,12,75,56,63,88,154,169,4973,4044
2018-01-29,3666,3480,2080,1148,2320,12,77,57,64,89,154,169,4973,4101
2018-01-30,3667,3492,2101,1168,2328,12,77,57,65,89,155,171,4973,4145
2018-01-31,3670,3502,2126,1189,2338,12,77,60,66,93,157,172,4973,4188
2018-02-01,3673,3517,2141,1204,2351,12,77,63,67,96,161,178,4973,4232
2018-02-02,3676,3525,2156,1220,2359,12,77,63,67,97,164,178,4974,4277
2018-02-03,3677,3536,2176,1246,2364,13,78,63,67,99,165,182,4975,4302
2018-02-04,3678,3544,2195,1271,2374,13,79,63,69,102,168,184,4975,4341
2018-02-05,3683,3557,2211,1284,2381,13,81,65,70,105,170,187,4975,4380
2018-02-06,3689,3562,2230,1304,2387,14,83,66,71,106,172,190,4976,4418
2018-02-07,3693,3573,2245,1319,2394,15,83,68,71,107,175,194,4977,4447
2018-02-08,3694,3583,2268,1334,2406,15,83,70,71,107,176,198,4977,4488
2018-02-09,3696,3594,2283,1351,2414,15,84,72,73,108,180,203,4977,4522
2018-02-10,3700,3603,2295,1375,2422,15,84,74,73,109,183,205,4977,4551
2018-02-11,3702,3615,2306,1400,2432,15,85,75,73,110,185,210,4977,4576
2018-02-12,3706,3628,2322,1421,2441,15,87,77,73,113,187,216,4977,4597
2018-02-13,3709,3646,2339,1448,2456,15,90,78,75,115,189,220,4977,4617
2018-02-14,3715,3652,2350,1466,2467,16,91,83,76,115,192,220,4977,4637
2018-02-15,3720,3658,2368,1485,2478,17,92,84,76,115,196,227,4977,4651
2018-02-16,3726,3664,2377,1510,2489,17,92,85,76,115,199,229,4977,4674
2018-02-17,3728,3669,2391,1529,2490,18,92,90,76,117,201,231,4977,4690
2018-02-18,3731,3678,2406,1544,2497,18,92,92,76,119,202,236,4977,4709
2018-02-19,3733,3680,2419,1568,2506,18,93,95,76,123,205,243,4978,4723
2018-02-20,3736,3688,2430,1593,2517,19,94,97,77,123,209,251,4978,4743
2018-02-21,3742,3701,2447,1614,2528,19,94,98,77,123,211,254,4978,4760
2018-02-22,3746,3704,2464,1628,2533,20,96,100,77,124,215,254,4979,4771
2018-02-23,3748,3705,2476,1649,2545,20,99,102,78,125,216,257,4979,4788
2018-02-24,3750,3715,2493,1679,2551,22,100,103,79,127,219,261,4979,4800
2018-02-25,3752,3720,2506,1697,2559,22,100,104,80,128,225,263,4979,4811
2018-02-26,3755,3729,2517,1712,2568,23,100,104,80,132,229,264,4979,4819
2018-02-27,3757,3739,2528,1728,2575,25,100,105,81,132,234,267,4979,4836
2018-02-28,3758,3741,2539,1743,2583,26,100,110,82,132,237,268,4979,4849
2018-03-01,3759,3749,2546,1759,2587,26,100,112,83,133,243,272,4979,4859
2018-03-02,3761,3754,2559,1783,2594,27,100,114,84,133,253,279,4979,4866
2018-03-03,3763,3759,2569,1803,2601,28,100,115,84,136,257,285,4979,4872
2018-03-04,3766,3760,2580,1821,2606,29,102,116,85,136,258,293,4979,4877
2018-03-05,3768,3762,2596,1837,2612,30,102,119,85,137,262,299,4979,4881
2018-03-06,3769,3767,2604,1861,2613,33,104,119,86,139,268,306,4979,4884
2018-03-07,3771,3771,2617,1881,2619,37,107,120,88,139,272,311,4979,4892
2018-03-08,3771,3776,2630,1899,2625,38,109,122,89,140,278,315,4979,4901
2018-03-09,3772,3779,2639,1913,2628,42,111,123,89,141,287,323,4979,4911
2018-03-10,3774,3780,2654,1929,2633,44,113,124,89,143,291,328,4979,4915
2018-03-11,3780,3781,2660,1942,2638,46,115,129,89,144,295,331,4979,4921
2018-03-12,3781,3787,2664,1961,2643,51,116,131,89,146,297,336,4979,4923
2018-03-13,3785,3791,2679,1981,2653,57,116,133,90,146,303,340,4980,4925
2018-03-14,3787,3793,2684,1998,2659,62,117,134,90,149,311,341,4980,4928
2018-03-15,3789,3798,2702,2021,2663,64,117,139,90,150,314,345,4980,4931
2018-03-16,3789,3798,2715,2038,2674,68,118,141,91,151,316,347,4981,4933
2018-03-17,3795,3803,2725,2051,2676,73,120,143,92,152,322,353,4981,4936
2018-03-18,3798,3808,2736,2063,2691,79,123,149,92,152,323,356,4982,4937
2018-03-19,3801,3812,2748,2079,2697,82,125,151,93,153,328,359,4982,4941
2018-03-20,3803,3818,2758,2096,2705,87,127,151,93,157,335,363,4982,4942
2018-03-21,3805,3820,2772,2118,2710,95,128,154,93,159,343,368,4982,4944
2018-03-22,3806,3823,2779,2139,2715,107,130,157,93,160,347,375,4983,4949
2018-03-23,3808,3827,2790,2150,2721,116,134,159,93,160,355,377,4983,4951
2018-03-24,3809,3832,2798,2167,2728,119,134,160,93,161,362,378,4983,4952
2018-03-25,3810,3835,2804,2186,2734,128,138,162,95,164,366,386,4983,4954
2018-03-26,3812,3836,2814,2215,2737,133,139,164,96,167,374,389,4983,4956
2018-03-27,3816,3837,2828,2229,2744,144,140,168,97,168,377,393,4984,4956
2018-03-28,3818,3838,2833,2246,2750,154,141,169,101,169,379,399,4984,4956
2018-03-29,3821,3839,2842,2272,2752,168,141,173,101,173,387,400,4984,4957
2018-03-30,3824,3842,2848,2289,2754,171,144,178,102,174,393,408,4984,4957
2018-03-31,3825,3842,2862,2305,2759,178,145,182,102,175,398,414,4984,4960
2018-04-01,3825,3843,2866,2324,2765,179,145,182,103,177,408,417,4984,4963
2018-04-02,3826,3844,2876,2342,2771,181,146,184,104,179,414,425,4984,4963
2018-04-03,3827,3845,2884,2356,2777,188,150,185,104,181,420,433,4984,4964
2018-04-04,3831,3846,2894,2368,2782,199,151,187,105,182,427,437,4984,4967
2018-04-05,3832,3848,2900,2386,2786,204,153,191,105,185,431,444,4984,4967
2018-04-06,3834,3848,2909,2404,2790,209,154,192,106,188,434,445,4984,4967
2018-04-07,3835,3851,2917,2414,2799,215,156,193,108,190,443,455,4984,4967
2018-04-08,3836,3854,2924,2428,2804,223,160,195,110,192,451,460,4984,4967
2018-04-09,3839,3855,2930,2442,2807,228,162,202,111,192,456,470,4984,4970
2018-04-10,3842,3856,2940,2451,2810,238,163,204,111,193,459,475,4984,4970
2018-04-11,3844,3858,2947,2466,2810,242,167,205,112,196,463,478,4984,4970
2018-04-12,3845,3860,2950,2477,2819,248,168,207,112,196,470,483,4985,4970
2018-04-13,3845,3861,2957,2491,2824,251,172,210,114,201,484,494,4985,4971
2018-04-14,3846,3861,2961,2505,2833,256,174,213,116,202,489,502,4985,4971
2018-04-15,3847,3862,2966,2524,2839,264,176,216,116,203,495,508,4985,4971
2018-04-16,3847,3866,2975,2538,2846,276,178,221,119,204,507,515,4985,4971
2018-04-17,3849,3868,2985,2557,2853,283,181,223,119,206,514,522,4985,4972
2018-04-18,3849,3868,2996,2572,2858,296,181,227,119,208,526,526,4985,4972
2018-04-19,3852,3868,3002,2588,2861,308,184,230,122,209,529,537,4985,4972
2018-04-20,3852,3871,3010,2600,2864,315,186,236,124,210,538,543,4985,4973
2018-04-21,3852,3873,3018,2609,2866,328,186,239,124,211,544,547,4985,4974
2018-04-22,3852,3873,3025,2615,2870,344,189,240,127,211,554,552,4985,4974
2018-04-23,3853,3874,3033,2631,2876,357,190,244,127,212,566,561,4985,4975
2018-04-24,3853,3874,3040,2637,2877,365,193,247,128,214,580,569,4985,4975
2018-04-25,3855,3876,3045,2648,2879,376,195,253,129,216,589,574,4985,4976
2018-04-26,3858,3876,3047,2662,2883,383,196,256,129,218,597,583,4985,4976
2018-04-27,3858,3878,3050,2672,2886,393,197,260,131,219,603,589,4985,4976
2018-04-28,3858,3879,3054,2688,2892,400,202,261,131,220,619,596,4985,4977
2018-04-29,3859,3881,3058,2698,2896,410,207,262,135,221,630,606,4985,4978
2018-04-30,3859,3881,3064,2710,2904,421,210,266,137,223,636,612,4985,4978
2018-05-01,3860,3881,3070,2723,2907,428,213,272,138,225,647,620,4985,4978
2018-05-02,3861,3883,3077,2740,2913,432,214,277,140,226,651,630,4985,4979
2018-05-03,3864,3883,3085,2754,2919,439,219,285,141,227,660,640,4985,4979
2018-05-04,3864,3884,3088,2762,2922,447,227,289,144,228,671,653,4985,4979
2018-05-05,3864,3884,3093,2775,2927,459,229,291,145,230,679,663,4985,4979
2018-05-06,3866,3884,3101,2785,2931,475,232,297,146,235,690,671,4985,4979
2018-05-07,3866,3886,3106,2795,2936,483,235,303,146,238,698,682,4985,4979
2018-05-08,3867,3886,3112,2805,2942,488,237,305,147,240,707,690,4985,4979
2018-05-09,3867,3887,3115,2822,2945,503,240,311,148,241,717,704,4985,4979
2018-05-10,3867,3888,3122,2832,2946,517,243,315,150,243,727,712,4985,4979
2018-05-11,3867,3889,3123,2843,2952,530,248,319,153,243,738,720,4985,4980
2018-05-12,3868,3890,3125,2851,2956,545,252,320,154,243,753,732,4985,4980
2018-05-13,3868,3890,3129,2860,2957,562,254,322,155,244,759,744,4985,4980
2018-05-14,3868,3890,3137,2871,2962,572,259,324,157,245,768,756,4985,4980
2018-05-15,3868,3891,3138,2883,2969,581,263,332,159,248,777,764,4985,4980
2018-05-16,3870,3891,3142,2892,2970,588,265,335,161,249,787,774,4985,4980
2018-05-17,3871,3891,3147,2898,2972,597,271,336,161,250,800,783,4985,4981
2018-05-18,3872,3894,3151,2902,2976,607,274,340,163,253,808,788,4985,4981
2018-05-19,3873,3896,3157,2910,2983,620,275,345,163,256,814,792,4985,4981
2018-05-20,3873,3897,3161,2918,2987,626,278,348,165,256,822,798,4985,4982
2018-05-21,3874,3897,3166,2925,2989,645,280,352,165,258,834,804,4985,4982
2018-05-22,3874,3897,3168,2936,2990,657,280,359,167,261,848,820,4985,4982
2018-05-23,3875,3897,3177,2944,2994,671,286,367,168,262,863,831,4985,4982
2018-05-24,3875,3897,3181,2955,2996,682,289,369,169,264,872,837,4985,4982
2018-05-25,3875,3897,3185,2960,2999,693,290,373,170,265,884,849,4985,4982
2018-05-26,3875,3897,3190,2970,3000,705,296,376,172,266,897,858,4985,4982
2018-05-27,3876,3897,3198,2978,3001,718,298,380,172,266,907,869,4985,4982
2018-05-28,3876,3897,3201,2993,3004,734,305,385,175,267,921,880,4985,4982
2018-05-29,3877,3897,3203,2997,3010,747,308,386,175,267,935,888,4985,4982
2018-05-30,3877,3897,3206,3004,3010,759,311,391,177,268,946,901,4985,4982
2018-05-31,3879,3898,3209,3013,3014,772,316,393,178,272,963,909,4985,4982
2018-06-01,3879,3898,3214,3018,3017,788,319,396,179,276,984,919,4985,4982
2018-06-02,3879,3898,3216,3027,3018,802,324,402,180,281,996,939,4985,4982
2018-06-03,3879,3898,3222,3038,3021,817,329,406,180,283,1010,947,4985,4982
2018-06-04,3879,3898,3224,3043,3021,830,341,409,181,286,1022,956,4985,4982
2018-06-05,3879,3898,3227,3049,3024,846,347,414,182,287,1039,967,4985,4982
2018-06-06,3880,3898,3229,3059,3027,858,350,418,184,291,1050,976,4985,4982
2018-06-07,3881,3898,3230,3067,3027,877,354,425,188,292,1067,988,4985,4983
2018-06-08,3881,3899,3233,3071,3031,893,363,427,190,296,1077,1000,4985,4983
2018-06-09,3881,3899,3236,3079,3034,906,371,434,193,297,1093,1009,4985,4984
2018-06-10,3881,3900,3238,3089,3035,919,376,442,195,302,1111,1022,4985,4984
2018-06-11,3882,3901,3240,3094,3037,933,383,445,197,307,1129,1036,4985,4984
2018-06-12,3882,3901,3242,3101,3037,944,389,453,200,307,1147,1050,4985,4984
2018-06-13,3883,3901,3244,3105,3039,954,397,458,201,309,1163,1061,4985,4984
2018-06-14,3884,3902,3249,3111,3043,962,404,462,202,309,1177,1067,4985,4984
2018-06-15,3884,3902,3250,3120,3046,974,407,468,203,312,1200,1086,4985,4984
2018-06-16,3884,3902,3252,3123,3046,992,416,476,204,313,1215,1093,4985,4984
2018-06-17,3884,3902,3257,3128,3048,1006,422,482,206,314,1227,1100,4985,4984
2018-06-18,3884,3902,3262,3136,3050,1016,428,490,209,316,1242,1110,4985,4984
2018-06-19,3884,3902,3263,3140,3052,1031,440,494,209,319,1261,1121,4985,4984
2018-06-20,3885,3903,3265,3145,3052,1046,443,501,211,319,1273,1138,4985,4984
2018-06-21,3885,3903,3267,3152,3052,1062,449,508,211,322,1288,1151,4985,4984
2018-06-22,3885,3904,3269,3156,3054,1073,452,513,213,323,1303,1161,4985,4984
2018-06-23,3886,3904,3270,3162,3056,1086,457,518,215,326,1318,1173,4985,4984
2018-06-24,3886,3904,3275,3164,3059,1097,465,525,215,329,1331,1178,4985,4985
2018-06-25,3888,3904,3275,3166,3060,1114,472,534,216,331,1342,1197,4985,4985
2018-06-26,3888,3904,3277,3171,3065,1130,477,537,217,334,1351,1219,4985,4985
2018-06-27,3889,3904,3279,3175,3066,1149,488,544,219,337,1366,1239,4985,4985
2018-06-28,3889,3904,3280,3179,3067,1171,494,552,219,338,1378,1253,4985,4985
2018-06-29,3889,3904,3283,3184,3069,1192,502,563,219,342,1401,1265,4985,4985
2018-06-30,3889,3904,3286,3188,3070,1212,512,570,220,344,1415,1278,4985,4985
2018-07-01,3889,3904,3287,3190,3070,1223,519,571,224,346,1432,1295,4985,4985
2018-07-02,3890,3904,3288,3193,3074,1240,523,577,224,349,1443,1307,4985,4985
2018-07-03,3891,3904,3291,3197,3076,1251,531,581,226,355,1462,1319,4985,4985
2018-07-04,3891,3904,3293,3200,3079,1272,543,591,227,362,1474,1334,4985,4985
2018-07-05,3891,3904,3295,3204,3082,1287,553,595,228,366,1486,1345,4985,4985
2018-07-06,3892,3905,3297,3207,3082,1299,558,604,229,368,1504,1356,4985,4985
2018-07-07,3892,3905,3298,3213,3083,1314,566,609,229,369,1528,1370,4985,4985
2018-07-08,3892,3905,3300,3215,3084,1329,574,616,232,369,1546,1383,4985,4985
2018-07-09,3892,3905,3301,3218,3085,1338,579,624,234,373,1558,1397,4985,4985
2018-07-10,3892,3905,3303,3224,3088,1355,590,628,234,378,1580,1412,4985,4985
2018-07-11,3892,3905,3303,3230,3088,1373,594,635,235,380,1604,1424,4985,4985
2018-07-12,3892,3905,3304,3234,3090,1390,601,645,238,383,1615,1439,4985,4985
2018-07-13,3892,3905,3306,3239,3094,1401,608,650,240,387,1630,1452,4985,4985
2018-07-14,3892,3905,3307,3246,3098,1413,621,659,244,389,1643,1468,4985,4985
2018-07-15,3892,3905,3308,3249,3099,1432,624,663,246,393,1658,1485,4985,4985
2018-07-16,3892,3905,3309,3253,3104,1448,632,671,248,395,1674,1508,4985,4985
2018-07-17,3894,3907,3310,3254,3104,1460,636,675,248,399,1690,1524,4985,4985
2018-07-18,3894,3907,3311,3259,3104,1475,640,685,250,401,1709,1537,4985,4985
2018-07-19,3895,3907,3314,3265,3105,1495,647,690,251,403,1723,1552,4985,4985
2018-07-20,3895,3907,3315,3269,3105,1511,654,702,252,408,1740,1569,4985,4985
2018-07-21,3896,3908,3318,3270,3106,1529,665,711,253,411,1763,1585,4985,4985
2018-07-22,3896,3908,3318,3276,3107,1546,671,713,254,415,1781,1604,4985,4985
2018-07-23,3896,3908,3318,3283,3110,1552,680,721,255,419,1802,1616,4985,4985
2018-07-24,3898,3908,3322,3283,3111,1563,685,726,256,420,1817,1628,4985,4985
2018-07-25,3898,3908,3323,3285,3113,1585,688,735,257,422,1836,1641,4985,4985
2018-07-26,3899,3908,3326,3290,3116,1597,690,747,257,427,1851,1659,4985,4985
2018-07-27,3899,3908,3328,3293,3118,1617,695,761,257,430,1871,1673,4985,4985
2018-07-28,3899,3909,3330,3296,3120,1631,708,773,258,434,1891,1690,4985,4985
2018-07-29,3900,3909,3333,3300,3120,1641,714,783,258,439,1909,1702,4985,4985
2018-07-30,3900,3909,3335,3302,3121,1653,721,788,263,446,1918,1719,4985,4985
2018-07-31,3900,3909,3336,3304,3121,1665,734,794,265,446,1934,1739,4985,4985
2018-08-01,3901,3909,3340,3305,3121,1683,742,800,265,446,1949,1754,4985,4985
2018-08-02,3901,3909,3342,3307,3123,1696,746,809,269,450,1970,1762,4985,4985
2018-08-03,3901,3909,3343,3308,3125,1718,756,815,271,451,1988,1778,4985,4985
2018-08-04,3901,3909,3343,3309,3125,1733,768,820,273,454,1998,1788,4985,4985
2018-08-05,3901,3909,3343,3309,3126,1744,776,831,275,457,2011,1803,4985,4985
2018-08-06,3901,3909,3345,3314,3127,1760,785,838,277,459,2033,1820,4985,4985
2018-08-07,3901,3909,3345,3317,3130,1778,797,846,280,460,2043,1837,4985,4985
2018-08-08,3901,3909,3347,3320,3131,1796,805,852,281,465,2059,1861,4985,4985
2018-08-09,3901,3909,3349,3323,3131,1814,815,859,284,467,2070,1875,4985,4985
2018-08-10,3901,3909,3351,3325,3132,1832,830,869,286,472,2088,1891,4985,4985
2018-08-11,3902,3909,3351,3329,3132,1843,837,876,286,477,2102,1908,4985,4985
2018-08-12,3902,3909,3352,3332,3132,1860,844,883,287,481,2120,1921,4985,4985
2018-08-13,3903,3909,3353,3334,3134,1877,854,892,290,485,2138,1938,4985,4985
2018-08-14,3903,3909,3354,3335,3135,1887,863,899,294,491,2154,1951,4985,4985
2018-08-15,3904,3909,3356,3339,3135,1904,874,908,294,495,2169,1962,4985,4985
2018-08-16,3905,3909,3357,3341,3136,1912,885,923,297,499,2181,1976,4985,4985
2018-08-17,3905,3909,3359,3343,3137,1924,898,927,297,504,2195,1992,4985,4985
2018-08-18,3905,3909,3359,3345,3137,1943,912,938,301,508,2217,2010,4985,4985
2018-08-19,3905,3909,3361,3346,3138,1957,920,943,302,513,2236,2023,4985,4985
2018-08-20,3905,3909,3362,3351,3139,1976,929,953,306,518,2245,2045,4985,4985
2018-08-21,3905,3909,3364,3353,3140,1992,937,958,308,524,2265,2065,4985,4985
2018-08-22,3906,3909,3367,3355,3144,2003,947,964,310,529,2282,2080,4985,4985
2018-08-23,3906,3909,3368,3357,3144,2021,958,976,315,530,2296,2089,4985,4985
2018-08-24,3906,3909,3369,3360,3144,2037,970,982,319,532,2308,2107,4985,4985
2018-08-25,3906,3909,3370,3361,3146,2053,982,992,323,534,2324,2128,4985,4985
2018-08-26,3906,3909,3370,3362,3146,2067,987,1000,324,537,2337,2148,4985,4985
2018-08-27,3907,3909,3370,3364,3148,2083,1002,1016,326,541,2350,2163,4985,4985
2018-08-28,3907,3909,3371,3368,3149,2098,1012,1022,328,543,2363,2178,4985,4985
2018-08-29,3907,3909,3372,3370,3149,2108,1026,1032,329,544,2380,2194,4985,4985
2018-08-30,3907,3909,3373,3371,3151,2117,1034,1043,331,550,2399,2213,4985,4985
2018-08-31,3907,3910,3375,3372,3152,2131,1044,1055,338,553,2421,2229,4985,4985
2018-09-01,3907,3910,3377,3373,3155,2146,1051,1070,344,559,2435,2245,4985,4985
2018-09-02,3907,3910,3378,3374,3156,2156,1065,1075,348,563,2454,2261,4985,4985
2018-09-03,3907,3910,3378,3375,3158,2165,1073,1084,351,567,2465,2279,4985,4985
2018-09-04,3907,3910,3383,3378,3159,2175,1086,1089,354,575,2484,2295,4985,4985
2018-09-05,3907,3910,3384,3379,3159,2183,1103,1099,357,579,2502,2316,4985,4985
2018-09-06,3907,3910,3387,3380,3159,2198,1113,1107,361,587,2524,2332,4985,4985
2018-09-07,3907,3910,3387,3380,3160,2214,1128,1113,365,590,2536,2347,4985,4985
2018-09-08,3907,3910,3387,3382,3162,2226,1142,1121,370,592,2549,2359,4985,4985
2018-09-09,3907,3910,3388,3383,3163,2236,1157,1131,371,598,2565,2371,4985,4985
2018-09-10,3907,3910,3388,3384,3163,2243,1164,1140,372,601,2578,2388,4985,4985
2018-09-11,3907,3910,3389,3386,3163,2260,1169,1143,375,603,2595,2400,4985,4985
2018-09-12,3908,3910,3390,3386,3164,2272,1178,1149,379,610,2607,2419,4985,4985
2018-09-13,3908,3910,3391,3387,3165,2283,1189,1159,380,615,2625,2437,4985,4985
2018-09-14,3908,3910,3392,3388,3165,2295,1199,1168,382,620,2641,2450,4985,4985
2018-09-15,3908,3910,3394,3388,3166,2304,1210,1175,386,623,2661,2465,4985,4985
2018-09-16,3909,3910,3396,3389,3166,2316,1219,1191,393,627,2683,2484,4985,4985
2018-09-17,3909,3910,3396,3389,3166,2329,1231,1203,398,633,2701,2497,4985,4985
2018-09-18,3909,3910,3397,3389,3168,2344,1240,1214,399,639,2712,2511,4985,4985
2018-09-19,3909,3910,3397,3391,3168,2360,1253,1223,399,641,2725,2529,4985,4985
2018-09-20,3909,3910,3398,3391,3168,2368,1261,1233,401,648,2736,2540,4985,4985
2018-09-21,3909,3910,3399,3392,3170,2382,1275,1245,405,650,2746,2551,4985,4985
2018-09-22,3909,3910,3401,3394,3171,2392,1284,1254,408,653,2763,2562,4985,4985
2018-09-23,3909,3910,3404,3396,3172,2404,1293,1261,410,659,2777,2582,4985,4985
2018-09-24,3909,3910,3404,3397,3173,2413,1302,1274,414,661,2791,2595,4985,4985
2018-09-25,3909,3910,3406,3398,3173,2422,1315,1287,415,672,2801,2609,4985,4985
2018-09-26,3909,3910,3406,3399,3174,2426,1321,1295,416,674,2815,2627,4985,4985
2018-09-27,3909,3910,3406,3401,3176,2433,1335,1310,418,677,2829,2636,4985,4985
2018-09-28,3909,3910,3407,3402,3176,2445,1348,1318,421,679,2843,2653,4985,4985
2018-09-29,3909,3910,3408,3402,3177,2450,1366,1327,426,684,2853,2671,4985,4985
2018-09-30,3909,3910,3408,3404,3178,2455,1378,1335,429,686,2872,2683,4985,4985
2018-10-01,3909,3910,3408,3406,3178,2468,1388,1342,434,687,2880,2702,4985,4985
2018-10-02,3909,3910,3409,3410,3179,2475,1394,1363,436,694,2888,2712,4985,4985
2018-10-03,3909,3910,3409,3410,3180,2491,1405,1370,440,697,2901,2729,4985,4985
2018-10-04,3909,3910,3409,3411,3181,2497,1415,1376,442,704,2917,2747,4985,4985
2018-10-05,3909,3910,3409,3412,3182,2505,1431,1386,449,707,2933,2762,4985,4985
2018-10-06,3909,3910,3409,3414,3182,2513,1439,1394,453,709,2943,2775,4985,4985
2018-10-07,3909,3910,3410,3414,3183,2521,1446,1399,455,711,2954,2791,4985,4985
2018-10-08,3909,3910,3411,3414,3184,2533,1453,1409,461,717,2969,2802,4985,4985
2018-10-09,3909,3910,3411,3414,3184,2539,1461,1423,463,720,2984,2815,4985,4985
2018-10-10,3909,3910,3411,3415,3184,2544,1471,1431,469,725,2999,2829,4985,4985
2018-10-11,3909,3910,3411,3416,3185,2561,1477,1436,472,730,3009,2842,4985,4985
2018-10-12,3909,3910,3412,3417,3185,2574,1487,1449,474,734,3021,2857,4985,4985
2018-10-13,3909,3910,3412,3419,3186,2587,1495,1461,476,740,3033,2865,4985,4985
2018-10-14,3909,3910,3412,3419,3186,2592,1507,1476,481,745,3045,2880,4985,4985
2018-10-15,3909,3910,3414,3419,3188,2598,1518,1484,481,749,3057,2894,4985,4985
2018-10-16,3909,3910,3415,3419,3189,2605,1527,1492,486,753,3074,2904,4985,4985
2018-10-17,3909,3910,3415,3420,3190,2617,1530,1504,491,759,3083,2919,4985,4985
2018-10-18,3909,3910,3415,3422,3190,2624,1542,1509,494,764,3100,2926,4985,4985
2018-10-19,3909,3910,3416,3424,3190,2632,1553,1520,495,769,3110,2945,4985,4985
2018-10-20,3909,3910,3416,3425,3190,2643,1560,1525,498,774,3117,2962,4985,4985
2018-10-21,3909,3910,3416,3425,3191,2650,1571,1531,502,782,3126,2970,4985,4985
2018-10-22,3910,3910,3416,3425,3192,2658,1580,1545,507,787,3134,2991,4985,4985
2018-10-23,3910,3910,3417,3425,3193,2665,1586,1559,514,796,3147,2998,4985,4985
2018-10-24,3910,3910,3418,3425,3193,2675,1595,1569,521,802,3157,3014,4985,4985
2018-10-25,3910,3910,3419,3425,3195,2681,1602,1575,528,804,3171,3032,4985,4985
2018-10-26,3910,3910,3419,3426,3196,2687,1612,1580,534,810,3179,3047,4985,4985
2018-10-27,3910,3910,3419,3427,3198,2696,1623,1586,541,813,3187,3059,4985,4985
2018-10-28,3910,3910,3420,3427,3199,2703,1634,1596,545,819,3193,3069,4985,4985
2018-10-29,3910,3910,3420,3427,3201,2710,1646,1606,549,823,3204,3081,4985,4985
2018-10-30,3910,3910,3420,3427,3201,2722,1652,1617,557,826,3208,3095,4985,4985
2018-10-31,3910,3910,3420,3427,3202,2726,1658,1626,560,832,3214,3107,4985,4985
2018-11-01,3910,3910,3423,3429,3202,2734,1669,1633,564,842,3222,3124,4985,4985
2018-11-02,3910,3910,3423,3430,3202,2743,1683,1645,568,853,3230,3138,4985,4985
2018-11-03,3910,3910,3423,3430,3203,2750,1693,1654,572,859,3238,3150,4985,4985
2018-11-04,3910,3910,3424,3431,3203,2757,1704,1663,577,864,3244,3159,4985,4985
2018-11-05,3910,3910,3424,3431,3204,2766,1715,1673,582,868,3254,3173,4985,4985
2018-11-06,3910,3910,3425,3432,3204,2770,1725,1680,589,875,3258,3181,4985,4985
2018-11-07,3910,3910,3425,3433,3204,2774,1732,1688,595,879,3271,3195,4985,4985
2018-11-08,3910,3910,3428,3433,3204,2785,1740,1695,601,883,3279,3205,4985,4985
2018-11-09,3910,3910,3429,3434,3204,2787,1747,1702,605,887,3286,3211,4985,4985
2018-11-10,3911,3910,3430,3434,3204,2789,1759,1711,607,893,3295,3224,4985,4985
2018-11-11,3911,3910,3432,3434,3205,2794,1769,1718,611,898,3305,3234,4985,4985
2018-11-12,3911,3910,3432,3434,3206,2800,1785,1731,618,906,3312,3242,4985,4985
2018-11-13,3911,3910,3432,3434,3206,2806,1795,1740,621,909,3321,3255,4985,4985
2018-11-14,3911,3910,3432,3434,3207,2810,1802,1751,625,915,3328,3265,4985,4985
2018-11-15,3911,3910,3432,3434,3208,2821,1814,1762,627,921,3341,3273,4985,4985
2018-11-16,3911,3910,3433,3436,3208,2826,1822,1772,629,924,3344,3286,4985,4985
2018-11-17,3911,3910,3433,3438,3208,2835,1832,1785,633,927,3352,3294,4985,4985
2018-11-18,3911,3910,3434,3438,3209,2843,1844,1792,637,931,3359,3301,4985,4985
2018-11-19,3911,3910,3435,3438,3209,2848,1855,1799,640,938,3364,3311,4985,4985
2018-11-20,3911,3910,3436,3438,3209,2853,1862,1809,645,941,3371,3318,4985,4985
2018-11-21,3911,3910,3436,3438,3209,2854,1871,1818,652,951,3376,3326,4985,4985
2018-11-22,3911,3910,3437,3438,3211,2857,1881,1828,658,956,3380,3334,4985,4985
2018-11-23,3911,3910,3437,3439,3211,2866,1893,1834,670,961,3390,3345,4985,4985
2018-11-24,3911,3910,3437,3439,3211,2872,1901,1843,673,972,3394,3350,4985,4985
2018-11-25,3911,3910,3437,3440,3213,2875,1909,1848,681,975,3401,3358,4985,4985
2018-11-26,3911,3910,3439,3440,3213,2877,1913,1856,684,978,3410,3369,4985,4985
2018-11-27,3911,3910,3439,3440,3214,2880,1921,1862,694,982,3417,3372,4985,4985
2018-11-28,3911,3910,3439,3440,3214,2888,1928,1870,698,986,3423,3379,4985,4985
2018-11-29,3911,3910,3442,3440,3214,2890,1935,1879,706,992,3433,3387,4985,4985
2018-11-30,3911,3910,3442,3440,3214,2891,1940,1890,707,1000,3440,3394,4985,4985
2018-12-01,3911,3910,3442,3441,3215,2897,1945,1900,711,1004,3443,3405,4985,4985
2018-12-02,3911,3910,3442,3441,3216,2901,1953,1915,715,1008,3446,3415,4985,4985
2018-12-03,3911,3910,3442,3441,3217,2905,1962,1924,719,1016,3455,3422,4985,4985
2018-12-04,3911,3910,3442,3441,3217,2907,1968,1935,725,1026,3458,3428,4985,4985
2018-12-05,3911,3910,3442,3443,3217,2914,1980,1942,729,1032,3463,3435,4985,4985
2018-12-06,3911,3910,3443,3443,3218,2916,1987,1949,733,1036,3468,3445,4985,4985
2018-12-07,3911,3910,3444,3443,3219,2923,1995,1959,736,1039,3473,3454,4985,4985
2018-12-08,3911,3910,3444,3443,3219,2931,2003,1972,741,1043,3479,3460,4985,4985
2018-12-09,3911,3910,3444,3443,3219,2940,2012,1979,746,1051,3483,3472,4985,4985
2018-12-10,3911,3910,3446,3445,3219,2945,2019,1984,750,1060,3493,3483,4985,4985
2018-12-11,3911,3910,3446,3446,3219,2951,2028,1988,755,1066,3498,3490,4985,4985
2018-12-12,3911,3910,3446,3446,3219,2953,2038,1992,760,1074,3506,3493,4985,4985
2018-12-13,3911,3910,3447,3446,3220,2955,2045,1999,762,1084,3513,3501,4985,4985
2018-12-14,3911,3910,3447,3446,3221,2962,2052,2004,768,1089,3516,3509,4985,4985
2018-12-15,3911,3910,3447,3447,3221,2963,2056,2015,771,1092,3522,3517,4985,4985
2018-12-16,3911,3910,3448,3448,3221,2967,2061,2019,775,1099,3528,3526,4985,4985
2018-12-17,3911,3910,3448,3448,3222,2970,2069,2028,782,1103,3532,3535,4985,4985
2018-12-18,3911,3910,3448,3448,3222,2976,2075,2038,788,1107,3538,3541,4985,4985
2018-12-19,3911,3910,3448,3448,3222,2980,2082,2048,796,1115,3545,3551,4985,4985
2018-12-20,3911,3910,3449,3448,3222,2982,2088,2057,803,1119,3549,3555,4985,4985
2018-12-21,3911,3910,3449,3448,3222,2984,2100,2064,806,1125,3552,3563,4985,4985
2018-12-22,3911,3910,3449,3448,3222,2987,2110,2072,811,1137,3555,3568,4985,4985
2018-12-23,3911,3910,3450,3448,3222,2990,2121,2080,816,1144,3560,3572,4985,4985
2018-12-24,3911,3910,3450,3449,3222,2994,2126,2090,819,1154,3566,3572,4985,4985
2018-12-25,3911,3910,3450,3449,3222,2997,2132,2100,824,1155,3570,3578,4985,4985
2018-12-26,3911,3910,3450,3449,3223,3001,2137,2108,829,1161,3571,3583,4985,4985
2018-12-27,3911,3910,3450,3449,3223,3003,2145,2111,832,1170,3576,3586,4985,4985
2018-12-28,3911,3910,3450,3450,3223,3007,2151,2117,837,1174,3580,3591,4985,4985
2018-12-29,3911,3910,3450,3450,3223,3012,2156,2122,841,1183,3583,3601,4985,4985
2018-12-30,3911,3910,3450,3450,3223,3015,2162,2131,846,1191,3587,3607,4985,4985
2018-12-31,3911,3910,3451,3450,3224,3021,2168,2138,851,1196,3596,3610,4985,4985
2019-01-01,3911,3910,3451,3451,3224,3023,2173,2148,856,1200,3599,3618,4985,4985
2019-01-02,3911,3910,3451,3451,3224,3027,2178,2159,859,1207,3603,3624,4985,4985
2019-01-03,3911,3910,3451,3451,3224,3031,2187,2165,861,1215,3611,3628,4985,4985
2019-01-04,3911,3910,3451,3451,3225,3035,2195,2173,871,1224,3615,3632,4985,4985
2019-01-05,3911,3910,3451,3451,3225,3037,2206,2183,879,1230,3618,3638,4985,4985
2019-01-06,3911,3910,3451,3451,3225,3037,2211,2190,883,1237,3626,3644,4985,4985
2019-01-07,3912,3910,3451,3451,3225,3037,2216,2199,892,1245,3631,3646,4985,4985
2019-01-08,3912,3910,3452,3452,3226,3042,2220,2207,903,1250,3634,3653,4985,4985
2019-01-09,3912,3910,3452,3452,3226,3044,2222,2214,905,1256,3640,3658,4985,4985
2019-01-10,3912,3910,3453,3452,3226,3048,2229,2220,912,1260,3648,3664,4985,4985
2019-01-11,3912,3910,3453,3452,3226,3053,2239,2228,922,1268,3651,3667,4985,4985
2019-01-12,3912,3910,3453,3452,3226,3056,2243,2233,927,1275,3656,3671,4985,4985
2019-01-13,3912,3910,3453,3452,3227,3059,2245,2237,930,1281,3661,3676,4985,4985
2019-01-14,3912,3910,3453,3452,3227,3059,2250,2246,937,1290,3669,3681,4985,4985
2019-01-15,3912,3910,3453,3452,3227,3063,2258,2256,947,1297,3675,3683,4985,4985
2019-01-16,3912,3910,3453,3452,3227,3070,2261,2261,954,1303,3681,3686,4985,4985
2019-01-17,3912,3910,3453,3452,3227,3074,2266,2266,957,1306,3684,3696,4985,4985
2019-01-18,3912,3910,3453,3453,3227,3077,2269,2273,963,1311,3688,3698,4985,4985
2019-01-19,3912,3910,3453,3453,3227,3081,2279,2278,970,1318,3692,3700,4985,4985
2019-01-20,3912,3910,3453,3453,3227,3086,2285,2285,978,1325,3694,3704,4985,4985
2019-01-21,3912,3910,3453,3453,3227,3090,2293,2292,983,1330,3699,3707,4985,4985
2019-01-22,3912,3910,3453,3453,3227,3095,2296,2296,988,1340,3703,3712,4985,4985
2019-01-23,3912,3910,3453,3453,3227,3099,2301,2303,994,1347,3709,3719,4985,4985
2019-01-24,3912,3910,3453,3453,3227,3099,2306,2308,1001,1351,3712,3724,4985,4985
2019-01-25,3912,3910,3453,3454,3228,3101,2310,2315,1006,1362,3715,3730,4985,4985
2019-01-26,3912,3910,3453,3454,3228,3103,2319,2319,1014,1367,3719,3736,4985,4985
2019-01-27,3912,3910,3453,3454,3228,3108,2326,2325,1017,1371,3722,3740,4985,4985
2019-01-28,3912,3910,3453,3454,3228,3110,2329,2330,1024,1377,3731,3745,4985,4985
2019-01-29,3912,3910,3453,3455,3228,3112,2335,2338,1030,1384,3733,3754,4985,4985
2019-01-30,3912,3910,3453,3455,3228,3113,2345,2340,1039,1385,3735,3759,4985,4985
2019-01-31,3912,3910,3453,3455,3229,3114,2355,2344,1046,1390,3742,3762,4985,4985
2019-02-01,3912,3910,3453,3455,3229,3116,2363,2352,1055,1399,3744,3766,4985,4985
2019-02-02,3912,3910,3453,3455,3229,3118,2370,2358,1056,1409,3749,3767,4985,4985
2019-02-03,3912,3910,3453,3455,3230,3122,2374,2367,1058,1418,3753,3772,4985,4985
2019-02-04,3912,3910,3453,3455,3230,3125,2384,2373,1061,1425,3755,3775,4985,4985
2019-02-05,3912,3910,3453,3455,3232,3126,2387,2379,1071,1432,3759,3778,4985,4985
2019-02-06,3912,3910,3453,3455,3233,3128,2391,2387,1078,1439,3760,3781,4985,4985
2019-02-07,3912,3910,3453,3455,3234,3129,2400,2389,1084,1450,3765,3783,4985,4985
2019-02-08,3912,3910,3453,3455,3234,3131,2403,2392,1091,1456,3767,3785,4985,4985
2019-02-09,3912,3910,3453,3455,3234,3137,2403,2399,1095,1463,3770,3788,4985,4985
2019-02-10,3912,3910,3453,3455,3234,3137,2408,2403,1097,1469,3773,3789,4985,4985
2019-02-11,3912,3910,3453,3456,3234,3137,2416,2406,1104,1476,3778,3793,4985,4985
2019-02-12,3912,3910,3454,3456,3234,3138,2426,2414,1116,1482,3783,3798,4985,4985
2019-02-13,3912,3910,3454,3456,3235,3141,2431,2420,1120,1486,3786,3802,4985,4985
2019-02-14,3912,3910,3454,3456,3235,3142,2435,2423,1128,1489,3789,3804,4985,4985
2019-02-15,3912,3910,3454,3456,3235,3144,2439,2428,1133,1496,3793,3806,4985,4985
2019-02-16,3912,3910,3454,3456,3235,3145,2445,2432,1138,1502,3794,3809,4985,4985
2019-02-17,3912,3910,3454,3456,3235,3148,2449,2437,1147,1504,3796,3809,4985,4985
2019-02-18,3912,3910,3454,3456,3235,3150,2456,2441,1152,1506,3801,3812,4985,4985
2019-02-19,3912,3910,3454,3456,3236,3151,2462,2449,1157,1512,3801,3813,4985,4985
2019-02-20,3912,3910,3454,3456,3236,3151,2470,2455,1160,1517,3803,3815,4985,4985
2019-02-21,3912,3910,3454,3456,3236,3153,2473,2457,1168,1519,3806,3820,4985,4985
2019-02-22,3912,3910,3455,3456,3237,3153,2475,2465,1177,1529,3808,3822,4985,4985
2019-02-23,3912,3910,3455,3456,3238,3156,2480,2474,1183,1536,3809,3824,4985,4985
2019-02-24,3912,3910,3455,3457,3238,3160,2480,2479,1191,1546,3814,3829,4985,4985
2019-02-25,3912,3910,3455,3457,3238,3161,2489,2480,1199,1553,3815,3831,4985,4985
2019-02-26,3912,3910,3455,3457,3238,3162,2495,2486,1205,1558,3818,3834,4985,4985
2019-02-27,3912,3910,3455,3457,3238,3164,2495,2489,1211,1562,3824,3839,4985,4985
2019-02-28,3912,3910,3455,3457,3238,3165,2500,2495,1221,1571,3827,3841,4985,4985
2019-03-01,3912,3910,3455,3457,3238,3166,2503,2498,1225,1579,3829,3843,4985,4985
2019-03-02,3912,3910,3455,3457,3238,3167,2505,2501,1233,1584,3831,3845,4985,4985
2019-03-03,3912,3910,3455,3457,3238,3169,2507,2506,1234,1591,3831,3845,4985,4985
2019-03-04,3912,3910,3455,3457,3238,3172,2511,2510,1240,1600,3832,3851,4985,4985
2019-03-05,3912,3910,3455,3457,3238,3174,2513,2516,1248,1605,3835,3853,4985,4985
2019-03-06,3912,3910,3455,3457,3238,3177,2515,2521,1252,1614,3838,3858,4985,4985
2019-03-07,3912,3910,3455,3457,3238,3177,2520,2527,1259,1627,3840,3861,4985,4985
2019-03-08,3912,3910,3455,3457,3238,3182,2521,2530,1267,1635,3842,3862,4985,4985
2019-03-09,3912,3910,3455,3457,3238,3185,2524,2534,1276,1639,3845,3863,4985,4985
2019-03-10,3912,3910,3455,3457,3238,3186,2528,2536,1282,1650,3846,3864,4985,4985
2019-03-11,3912,3910,3455,3457,3238,3186,2529,2541,1286,1658,3848,3867,4985,4985
2019-03-12,3912,3910,3455,3457,3238,3188,2534,2547,1290,1668,3851,3871,4985,4985
2019-03-13,3912,3910,3455,3457,3239,3189,2537,2552,1294,1676,3852,3873,4985,4985
2019-03-14,3912,3910,3455,3457,3239,3189,2538,2555,1299,1680,3855,3878,4985,4985
2019-03-15,3912,3910,3455,3457,3239,3190,2542,2556,1306,1689,3857,3880,4985,4985
2019-03-16,3912,3910,3456,3457,3239,3191,2544,2558,1313,1700,3857,3882,4985,4985
2019-03-17,3912,3910,3456,3457,3239,3191,2550,2562,1322,1708,3857,3883,4985,4985
2019-03-18,3912,3910,3456,3457,3239,3192,2554,2568,1334,1712,3859,3885,4985,4985
2019-03-19,3912,3910,3456,3457,3239,3193,2558,2570,1346,1716,3862,3888,4985,4985
2019-03-20,3912,3910,3456,3457,3239,3196,2560,2576,1357,1718,3864,3891,4985,4985
2019-03-21,3912,3910,3456,3457,3240,3197,2566,2584,1363,1722,3864,3892,4985,4985
2019-03-22,3912,3910,3456,3457,3240,3197,2570,2591,1369,1730,3865,3897,4985,4985
2019-03-23,3912,3910,3456,3457,3240,3197,2571,2597,1373,1735,3865,3899,4985,4985
2019-03-24,3912,3910,3456,3457,3240,3197,2576,2599,1379,1742,3867,3902,4985,4985
2019-03-25,3912,3910,3456,3457,3240,3203,2579,2603,1384,1744,3871,3903,4985,4985
2019-03-26,3912,3910,3456,3457,3240,3204,2580,2603,1389,1750,3874,3904,4985,4985
2019-03-27,3912,3910,3456,3457,3240,3205,2582,2608,1393,1761,3874,3908,4985,4985
2019-03-28,3912,3910,3456,3457,3240,3206,2586,2612,1400,1763,3875,3911,4985,4985
2019-03-29,3912,3910,3457,3457,3240,3208,2590,2615,1408,1769,3876,3912,4985,4985
2019-03-30,3912,3910,3457,3457,3240,3209,2595,2616,1413,1774,3876,3912,4985,4985
2019-03-31,3912,3910,3457,3457,3240,3209,2599,2619,1418,1782,3877,3913,4985,4985
2019-04-01,3912,3910,3457,3457,3240,3210,2607,2622,1422,1785,3880,3914,4985,4985
2019-04-02,3912,3910,3457,3457,3240,3210,2607,2623,1434,1789,3881,3917,4985,4985
2019-04-03,3912,3910,3457,3457,3240,3211,2610,2631,1440,1793,3883,3917,4985,4985
2019-04-04,3912,3910,3457,3457,3240,3213,2617,2634,1445,1804,3884,3918,4985,4985
2019-04-05,3912,3910,3457,3457,3240,3214,2620,2639,1455,1810,3886,3918,4985,4985
2019-04-06,3912,3910,3457,3457,3240,3214,2620,2639,1463,1814,3888,3920,4985,4985
2019-04-07,3912,3910,3457,3457,3240,3214,2621,2639,1470,1825,3889,3920,4985,4985
2019-04-08,3912,3910,3457,3457,3240,3215,2624,2642,1477,1834,3890,3920,4985,4985
2019-04-09,3912,3910,3457,3457,3240,3216,2625,2643,1488,1840,3891,3921,4985,4985
2019-04-10,3912,3910,3457,3457,3240,3217,2627,2644,1496,1846,3894,3923,4985,4985
2019-04-11,3912,3910,3457,3457,3241,3217,2628,2647,1506,1852,3894,3923,4985,4985
2019-04-12,3912,3910,3457,3457,3241,3218,2629,2651,1518,1863,3895,3924,4985,4985
2019-04-13,3912,3910,3457,3457,3241,3219,2630,2653,1524,1871,3895,3925,4985,4985
2019-04-14,3912,3910,3457,3457,3241,3221,2631,2657,1531,1878,3896,3928,4985,4985
2019-04-15,3912,3910,3457,3457,3242,3223,2634,2657,1544,1883,3897,3929,4985,4985
2019-04-16,3912,3910,3457,3457,3243,3224,2634,2657,1551,1886,3901,3931,4985,4985
2019-04-17,3912,3910,3457,3457,3243,3224,2635,2658,1561,1890,3902,3932,4985,4985
2019-04-18,3912,3910,3457,3457,3243,3226,2636,2660,1568,1893,3903,3935,4985,4985
2019-04-19,3912,3910,3457,3457,3243,3226,2637,2661,1577,1901,3905,3935,4985,4985
2019-04-20,3912,3910,3457,3457,3243,3227,2643,2663,1583,1909,3909,3935,4985,4985
2019-04-21,3912,3910,3457,3457,3243,3227,2644,2667,1593,1915,3910,3936,4985,4985
2019-04-22,3912,3910,3457,3457,3243,3229,2645,2670,1598,1920,3911,3936,4985,4985
2019-04-23,3912,3910,3457,3457,3243,3229,2647,2672,1603,1929,3912,3938,4985,4985
2019-04-24,3912,3910,3457,3457,3243,3230,2651,2673,1615,1930,3913,3940,4985,4985
2019-04-25,3912,3910,3457,3457,3243,3232,2654,2679,1618,1938,3914,3941,4985,4985
2019-04-26,3912,3910,3457,3457,3243,3232,2655,2682,1630,1942,3914,3942,4985,4985
2019-04-27,3912,3910,3457,3457,3243,3233,2659,2685,1640,1951,3914,3943,4985,4985
2019-04-28,3912,3910,3457,3457,3243,3234,2662,2686,1643,1956,3915,3945,4985,4985
2019-04-29,3912,3910,3457,3457,3243,3234,2665,2689,1650,1965,3919,3945,4985,4985
2019-04-30,3912,3910,3457,3457,3243,3234,2666,2692,1653,1969,3921,3945,4985,4985
2019-05-01,3912,3910,3457,3457,3243,3236,2669,2694,1661,1974,3923,3945,4985,4985
2019-05-02,3912,3910,3457,3457,3243,3236,2670,2697,1666,1985,3924,3945,4985,4985
2019-05-03,3912,3910,3457,3457,3243,3236,2673,2699,1674,1992,3928,3946,4985,4985
2019-05-04,3912,3910,3457,3457,3243,3238,2675,2699,1678,2000,3929,3947,4985,4985
2019-05-05,3912,3910,3457,3457,3243,3240,2676,2702,1685,2008,3931,3949,4985,4985
2019-05-06,3912,3910,3457,3457,3243,3240,2679,2704,1697,2012,3931,3950,4985,4985
2019-05-07,3912,3910,3457,3457,3243,3240,2679,2705,1704,2015,3932,3951,4985,4985
2019-05-08,3912,3910,3457,3457,3243,3240,2680,2707,1712,2020,3932,3952,4985,4985
2019-05-09,3912,3910,3457,3457,3243,3240,2684,2709,1717,2027,3934,3952,4985,4985
2019-05-10,3912,3910,3457,3457,3243,3240,2686,2712,1723,2034,3935,3953,4985,4985
2019-05-11,3912,3910,3457,3457,3243,3240,2689,2715,1727,2041,3936,3953,4985,4985
2019-05-12,3912,3910,3457,3457,3243,3240,2689,2716,1732,2043,3936,3954,4985,4985
2019-05-13,3912,3910,3457,3457,3243,3240,2689,2718,1738,2047,3938,3954,4985,4985
2019-05-14,3912,3910,3457,3457,3243,3240,2691,2721,1740,2051,3939,3955,4985,4985
2019-05-15,3912,3910,3457,3457,3243,3240,2694,2721,1748,2057,3940,3955,4985,4985
2019-05-16,3912,3910,3457,3457,3243,3240,2696,2721,1753,2060,3943,3958,4985,4985
2019-05-17,3912,3910,3457,3457,3243,3240,2698,2724,1759,2065,3946,3959,4985,4985
2019-05-18,3912,3910,3457,3457,3243,3240,2699,2724,1764,2069,3948,3960,4985,4985
2019-05-19,3912,3910,3457,3457,3243,3241,2700,2726,1768,2076,3948,3960,4985,4985
2019-05-20,3912,3910,3457,3457,3243,3242,2702,2730,1774,2081,3950,3961,4985,4985
2019-05-21,3912,3910,3457,3457,3243,3242,2702,2732,1779,2084,3952,3962,4985,4985
2019-05-22,3912,3910,3457,3457,3243,3242,2702,2733,1785,2087,3952,3963,4985,4985
2019-05-23,3912,3910,3457,3457,3243,3243,2707,2734,1796,2091,3953,3964,4985,4985
2019-05-24,3912,3910,3457,3457,3243,3244,2708,2735,1805,2095,3953,3965,4985,4985
2019-05-25,3912,3910,3457,3457,3243,3245,2710,2736,1810,2101,3954,3969,4985,4985
2019-05-26,3912,3910,3457,3457,3243,3245,2710,2737,1810,2106,3956,3969,4985,4985
2019-05-27,3912,3910,3457,3457,3243,3245,2711,2741,1817,2110,3957,3969,4985,4985
2019-05-28,3912,3910,3457,3457,3243,3246,2713,2742,1819,2116,3957,3969,4985,4985
2019-05-29,3912,3910,3457,3457,3243,3247,2716,2743,1822,2121,3957,3969,4985,4985
2019-05-30,3912,3910,3457,3457,3243,3248,2719,2743,1828,2128,3958,3969,4985,4985
2019-05-31,3912,3910,3457,3457,3243,3248,2721,2744,1839,2135,3959,3970,4985,4985
2019-06-01,3912,3910,3457,3457,3243,3248,2722,2744,1845,2143,3959,3970,4985,4985
2019-06-02,3912,3910,3457,3457,3244,3248,2724,2746,1850,2153,3960,3970,4985,4985
2019-06-03,3912,3910,3457,3457,3244,3248,2724,2748,1857,2158,3960,3970,4985,4985
2019-06-04,3912,3910,3457,3457,3244,3248,2728,2751,1860,2165,3960,3970,4985,4985
2019-06-05,3912,3910,3457,3457,3244,3248,2731,2752,1862,2170,3961,3972,4985,4985
2019-06-06,3912,3910,3457,3457,3244,3248,2732,2755,1865,2178,3961,3973,4985,4985
2019-06-07,3912,3910,3457,3457,3244,3249,2733,2758,1867,2184,3961,3974,4985,4985
2019-06-08,3912,3910,3457,3457,3244,3250,2733,2761,1875,2192,3962,3974,4985,4985
2019-06-09,3912,3910,3457,3457,3244,3251,2734,2763,1882,2197,3963,3975,4985,4985
2019-06-10,3912,3910,3458,3457,3244,3251,2737,2764,1890,2210,3964,3975,4985,4985
2019-06-11,3912,3910,3458,3457,3244,3253,2739,2765,1895,2216,3964,3976,4985,4985
2019-06-12,3912,3910,3458,3457,3244,3253,2741,2768,1904,2225,3964,3976,4985,4985
2019-06-13,3912,3910,3458,3457,3244,3253,2742,2769,1908,2227,3965,3976,4985,4985
2019-06-14,3912,3910,3458,3457,3244,3253,2743,2769,1912,2232,3966,3976,4985,4985
2019-06-15,3912,3910,3458,3457,3244,3253,2744,2769,1916,2235,3968,3976,4985,4985
2019-06-16,3912,3910,3458,3457,3244,3253,2746,2769,1920,2238,3968,3976,4985,4985
2019-06-17,3912,3910,3458,3457,3244,3253,2747,2770,1927,2244,3971,3976,4985,4985
2019-06-18,3912,3910,3458,3457,3244,3253,2748,2773,1934,2247,3971,3978,4985,4985
2019-06-19,3912,3910,3458,3457,3244,3253,2752,2777,1939,2251,3973,3979,4985,4985
2019-06-20,3912,3910,3458,3457,3244,3256,2756,2780,1945,2256,3973,3979,4985,4985
2019-06-21,3912,3910,3458,3457,3244,3257,2756,2782,1953,2266,3974,3979,4985,4985
2019-06-22,3912,3910,3458,3457,3244,3257,2757,2784,1961,2273,3975,3980,4985,4985
2019-06-23,3912,3910,3458,3457,3244,3258,2758,2784,1962,2274,3976,3980,4985,4985
2019-06-24,3912,3910,3458,3457,3244,3258,2759,2787,1968,2277,3976,3980,4985,4985
2019-06-25,3912,3910,3458,3457,3245,3258,2760,2787,1976,2281,3977,3981,4985,4985
2019-06-26,3912,3910,3458,3457,3245,3258,2762,2787,1982,2288,3977,3981,4985,4985
2019-06-27,3912,3910,3458,3457,3245,3258,2767,2787,1985,2292,3978,3982,4985,4985
2019-06-28,3912,3910,3458,3457,3245,3258,2767,2788,1990,2294,3978,3982,4985,4985
2019-06-29,3912,3910,3458,3457,3245,3258,2768,2789,1991,2296,3978,3982,4985,4985
2019-06-30,3912,3910,3458,3457,3245,3258,2768,2789,1995,2299,3978,3982,4985,4985
2019-07-01,3912,3910,3458,3457,3245,3258,2771,2790,2002,2305,3978,3983,4985,4985
2019-07-02,3912,3910,3458,3457,3245,3258,2772,2790,2007,2311,3978,3983,4985,4985
2019-07-03,3912,3910,3458,3457,3245,3259,2775,2790,2008,2320,3979,3983,4985,4985
2019-07-04,3912,3910,3458,3457,3245,3259,2776,2790,2017,2326,3980,3984,4985,4985
2019-07-05,3912,3910,3458,3457,3245,3259,2776,2790,2020,2331,3981,3984,4985,4985
2019-07-06,3912,3910,3458,3457,3245,3259,2778,2792,2024,2335,3983,3985,4985,4985
2019-07-07,3912,3910,3458,3457,3245,3259,2779,2792,2027,2339,3983,3986,4985,4985
2019-07-08,3912,3910,3458,3457,3245,3259,2781,2794,2035,2346,3983,3987,4985,4985
2019-07-09,3912,3910,3458,3457,3245,3259,2782,2794,2038,2348,3983,3987,4985,4985
2019-07-10,3912,3910,3458,3457,3245,3259,2783,2795,2045,2352,3984,3987,4985,4985
2019-07-11,3912,3910,3458,3457,3246,3259,2784,2798,2053,2356,3984,3987,4985,4985
2019-07-12,3912,3910,3458,3457,3246,3259,2786,2800,2058,2362,3984,3987,4985,4985
2019-07-13,3912,3910,3458,3457,3246,3259,2786,2801,2062,2367,3984,3988,4985,4985
2019-07-14,3912,3910,3458,3457,3246,3259,2788,2803,2068,2374,3984,3989,4985,4985
2019-07-15,3912,3910,3458,3457,3246,3259,2788,2804,2070,2379,3985,3989,4985,4985
2019-07-16,3912,3910,3458,3457,3246,3259,2788,2805,2070,2383,3987,3991,4985,4985
2019-07-17,3912,3910,3458,3457,3247,3259,2788,2805,2080,2388,3987,3992,4985,4985
2019-07-18,3912,3910,3458,3457,3247,3259,2789,2805,2088,2392,3987,3992,4985,4985
2019-07-19,3912,3910,3458,3457,3247,3259,2789,2807,2093,2396,3988,3992,4985,4985
2019-07-20,3912,3910,3458,3457,3247,3260,2789,2810,2100,2400,3988,3992,4985,4985
2019-07-21,3912,3910,3458,3457,3247,3260,2789,2810,2101,2404,3989,3992,4985,4985
2019-07-22,3912,3910,3458,3457,3248,3261,2790,2810,2104,2407,3989,3992,4985,4985
2019-07-23,3912,3910,3458,3457,3248,3261,2791,2811,2114,2413,3989,3992,4985,4985
2019-07-24,3912,3910,3458,3457,3248,3261,2793,2811,2120,2418,3989,3992,4985,4985
2019-07-25,3912,3910,3458,3457,3248,3261,2795,2811,2126,2422,3989,3992,4985,4985
2019-07-26,3912,3910,3458,3457,3248,3261,2795,2812,2131,2427,3989,3993,4985,4985
2019-07-27,3912,3910,3458,3457,3248,3261,2796,2813,2136,2432,3989,3993,4985,4985
2019-07-28,3912,3910,3458,3457,3248,3261,2797,2813,2143,2435,3990,3993,4985,4985
2019-07-29,3912,3910,3458,3457,3248,3262,2797,2814,2150,2438,3990,3993,4985,4985
2019-07-30,3912,3910,3458,3457,3248,3263,2799,2815,2154,2441,3992,3993,4985,4985
2019-07-31,3912,3910,3458,3457,3248,3263,2800,2815,2162,2445,3992,3994,4985,4985
2019-08-01,3912,3910,3458,3457,3248,3263,2800,2815,2168,2450,3993,3994,4985,4985
2019-08-02,3912,3910,3458,3457,3248,3263,2801,2816,2172,2452,3993,3994,4985,4985
2019-08-03,3912,3910,3458,3457,3248,3263,2801,2816,2178,2458,3995,3994,4985,4985
2019-08-04,3912,3910,3458,3457,3248,3263,2803,2816,2184,2461,3995,3994,4985,4985
2019-08-05,3912,3910,3458,3457,3248,3263,2804,2816,2190,2466,3996,3995,4985,4985
2019-08-06,3912,3910,3458,3457,3248,3263,2805,2816,2195,2473,3996,3995,4985,4985
2019-08-07,3912,3910,3458,3457,3248,3263,2806,2816,2200,2476,3996,3995,4985,4985
2019-08-08,3912,3910,3458,3457,3248,3263,2806,2816,2208,2479,3996,3995,4985,4985
2019-08-09,3912,3910,3458,3457,3248,3263,2806,2818,2211,2479,3996,3995,4985,4985
2019-08-10,3912,3910,3458,3457,3248,3263,2806,2820,2214,2483,3996,3996,4985,4985
2019-08-11,3912,3910,3458,3457,3248,3263,2807,2820,2218,2488,3996,3996,4985,4985
2019-08-12,3912,3910,3458,3457,3248,3263,2807,2821,2225,2492,3996,3996,4985,4985
2019-08-13,3912,3910,3458,3457,3248,3263,2807,2822,2227,2497,3996,3997,4985,4985
2019-08-14,3912,3910,3458,3457,3249,3263,2808,2826,2232,2500,3996,3997,4985,4985
2019-08-15,3912,3910,3458,3457,3249,3263,2809,2827,2236,2501,3996,3997,4985,4985
2019-08-16,3912,3910,3458,3457,3249,3263,2809,2828,2242,2505,3996,3997,4985,4985
2019-08-17,3912,3910,3458,3457,3249,3263,2809,2828,2245,2511,3997,3997,4985,4985
2019-08-18,3912,3910,3458,3457,3249,3263,2810,2830,2249,2516,3998,3998,4985,4985
2019-08-19,3912,3910,3458,3457,3250,3263,2810,2831,2255,2523,3998,3998,4985,4985
2019-08-20,3912,3910,3458,3457,3250,3263,2810,2831,2263,2530,3998,3999,4985,4985
2019-08-21,3912,3910,3458,3457,3250,3263,2810,2831,2268,2532,3998,3999,4985,4985
2019-08-22,3912,3910,3458,3457,3250,3263,2810,2831,2274,2539,3998,4000,4985,4985
2019-08-23,3912,3910,3458,3457,3250,3263,2811,2832,2277,2549,3998,4000,4985,4985
2019-08-24,3912,3910,3458,3457,3250,3263,2811,2833,2281,2556,3998,4000,4985,4985
2019-08-25,3912,3910,3458,3457,3250,3263,2811,2833,2284,2556,3998,4000,4985,4985
2019-08-26,3912,3910,3458,3457,3250,3263,2812,2833,2288,2560,3998,4000,4985,4985
2019-08-27,3912,3910,3458,3457,3250,3263,2812,2833,2289,2562,3998,4000,4985,4985
2019-08-28,3912,3910,3458,3457,3250,3263,2812,2833,2292,2565,3999,4000,4985,4985
2019-08-29,3912,3910,3458,3457,3250,3263,2812,2833,2297,2567,3999,4000,4985,4985
2019-08-30,3912,3910,3458,3457,3250,3263,2812,2833,2301,2568,3999,4000,4985,4985
2019-08-31,3912,3910,3458,3457,3250,3263,2812,2834,2303,2572,3999,4000,4985,4985
2019-09-01,3912,3910,3458,3457,3250,3263,2812,2834,2304,2574,3999,4000,4985,4985
2019-09-02,3912,3910,3458,3457,3251,3263,2812,2834,2310,2579,3999,4000,4985,4985
2019-09-03,3912,3910,3458,3457,3252,3263,2812,2835,2313,2581,3999,4000,4985,4985
2019-09-04,3912,3910,3458,3457,3253,3263,2812,2836,2320,2584,3999,4000,4985,4985
2019-09-05,3912,3910,3458,3457,3253,3263,2812,2838,2324,2586,3999,4000,4985,4985
2019-09-06,3912,3910,3458,3457,3253,3263,2812,2838,2330,2586,3999,4001,4985,4985
2019-09-07,3912,3910,3458,3457,3253,3263,2812,2838,2336,2588,3999,4001,4985,4985
2019-09-08,3912,3910,3458,3457,3253,3263,2812,2838,2340,2591,4000,4001,4985,4985
2019-09-09,3912,3910,3458,3457,3253,3263,2812,2838,2347,2592,4000,4002,4985,4985
2019-09-10,3912,3910,3458,3457,3253,3263,2813,2838,2348,2597,4001,4002,4985,4985
2019-09-11,3912,3910,3458,3457,3253,3263,2813,2838,2359,2606,4001,4002,4985,4985
2019-09-12,3912,3910,3458,3457,3253,3263,2813,2839,2365,2608,4001,4002,4985,4985
2019-09-13,3912,3910,3458,3457,3253,3263,2813,2839,2368,2612,4001,4002,4985,4985
2019-09-14,3912,3910,3458,3457,3253,3263,2813,2839,2372,2615,4002,4004,4985,4985
2019-09-15,3912,3910,3458,3457,3253,3263,2814,2839,2373,2615,4002,4004,4985,4985
2019-09-16,3912,3910,3458,3457,3253,3263,2814,2839,2380,2619,4002,4004,4985,4985
2019-09-17,3912,3910,3458,3457,3253,3263,2814,2839,2384,2620,4003,4004,4985,4985
2019-09-18,3912,3910,3458,3457,3253,3263,2814,2841,2387,2625,4003,4004,4985,4985
2019-09-19,3912,3910,3458,3457,3253,3263,2814,2842,2390,2625,4003,4005,4985,4985
2019-09-20,3912,3910,3458,3457,3253,3263,2814,2843,2391,2628,4003,4005,4985,4985
2019-09-21,3912,3910,3458,3457,3253,3263,2814,2845,2393,2628,4003,4005,4985,4985
2019-09-22,3912,3910,3458,3457,3253,3263,2815,2845,2396,2629,4004,4005,4985,4985
2019-09-23,3912,3910,3458,3457,3253,3263,2815,2846,2400,2631,4004,4005,4985,4985
2019-09-24,3912,3910,3458,3457,3253,3263,2816,2846,2407,2636,4004,4005,4985,4985
2019-09-25,3912,3910,3458,3457,3254,3263,2817,2847,2412,2637,4005,4006,4985,4985
2019-09-26,3912,3910,3458,3457,3254,3263,2817,2847,2415,2638,4005,4006,4985,4985
2019-09-27,3912,3910,3458,3457,3254,3263,2818,2847,2421,2641,4005,4006,4985,4985
2019-09-28,3912,3910,3458,3457,3254,3263,2818,2847,2424,2645,4005,4007,4985,4985
2019-09-29,3912,3910,3458,3457,3254,3263,2818,2847,2427,2649,4006,4007,4985,4985
2019-09-30,3912,3910,3458,3457,3254,3263,2818,2847,2430,2650,4006,4007,4985,4985
2019-10-01,3912,3910,3458,3457,3254,3263,2818,2848,2434,2653,4006,4007,4985,4985
2019-10-02,3912,3910,3458,3457,3254,3263,2818,2848,2439,2656,4006,4007,4985,4985
2019-10-03,3912,3910,3458,3457,3254,3263,2818,2848,2442,2659,4006,4007,4985,4985
2019-10-04,3912,3910,3458,3457,3254,3263,2818,2849,2442,2660,4006,4007,4985,4985
2019-10-05,3912,3910,3458,3457,3254,3263,2818,2849,2453,2663,4006,4007,4985,4985
2019-10-06,3912,3910,3458,3457,3254,3263,2818,2849,2458,2665,4006,4007,4985,4985
2019-10-07,3912,3910,3458,3457,3254,3263,2819,2849,2462,2668,4006,4008,4985,4985
2019-10-08,3912,3910,3458,3457,3254,3263,2820,2849,2468,2671,4007,4008,4985,4985
2019-10-09,3912,3910,3458,3457,3254,3263,2821,2849,2470,2673,4008,4009,4985,4985
2019-10-10,3912,3910,3458,3457,3254,3263,2821,2849,2475,2678,4008,4009,4985,4985
2019-10-11,3912,3910,3458,3457,3254,3263,2822,2849,2478,2679,4008,4009,4985,4985
2019-10-12,3912,3910,3458,3457,3254,3263,2822,2850,2478,2684,4009,4010,4985,4985
2019-10-13,3912,3910,3458,3457,3254,3263,2822,2850,2484,2687,4009,4010,4985,4985
2019-10-14,3912,3910,3458,3457,3254,3263,2822,2850,2488,2688,4009,4010,4985,4985
2019-10-15,3912,3910,3458,3457,3254,3263,2823,2850,2490,2693,4009,4010,4985,4985
2019-10-16,3912,3910,3458,3457,3254,3263,2824,2850,2494,2698,4009,4010,4985,4985
2019-10-17,3912,3910,3458,3457,3254,3263,2824,2850,2494,2700,4009,4010,4985,4985
2019-10-18,3912,3910,3458,3457,3254,3263,2824,2850,2496,2704,4010,4010,4985,4985
2019-10-19,3912,3910,3458,3457,3254,3263,2825,2850,2499,2705,4010,4010,4985,4985
2019-10-20,3912,3910,3458,3457,3254,3263,2826,2851,2502,2708,4010,4010,4985,4985
2019-10-21,3912,3910,3458,3457,3254,3263,2826,2852,2504,2709,4010,4010,4985,4985
2019-10-22,3912,3910,3458,3457,3254,3263,2826,2852,2507,2710,4010,4010,4985,4985
2019-10-23,3912,3910,3458,3457,3254,3263,2826,2853,2514,2713,4010,4010,4985,4985
2019-10-24,3912,3910,3458,3457,3254,3263,2826,2853,2514,2717,4010,4010,4985,4985
2019-10-25,3912,3910,3458,3457,3254,3263,2826,2853,2517,2719,4010,4010,4985,4985
2019-10-26,3912,3910,3458,3457,3254,3263,2828,2855,2518,2721,4010,4010,4985,4985
2019-10-27,3912,3910,3458,3457,3254,3263,2829,2856,2520,2722,4010,4010,4985,4985
2019-10-28,3912,3910,3458,3457,3254,3263,2829,2856,2521,2726,4010,4010,4985,4985
2019-10-29,3912,3910,3458,3457,3254,3263,2829,2856,2526,2730,4010,4010,4985,4985
2019-10-30,3912,3910,3458,3457,3254,3263,2830,2856,2529,2731,4010,4010,4985,4985
2019-10-31,3912,3910,3458,3457,3254,3263,2831,2856,2532,2735,4010,4010,4985,4985
2019-11-01,3912,3910,3458,3457,3254,3263,2831,2856,2536,2736,4010,4010,4985,4985
2019-11-02,3912,3910,3458,3457,3254,3263,2831,2856,2536,2738,4010,4011,4985,4985
2019-11-03,3912,3910,3458,3457,3254,3263,2831,2856,2542,2738,4010,4011,4985,4985
2019-11-04,3912,3910,3458,3457,3254,3263,2831,2856,2548,2739,4010,4011,4985,4985
2019-11-05,3912,3910,3458,3457,3254,3263,2832,2856,2551,2743,4010,4011,4985,4985
2019-11-06,3912,3910,3458,3457,3254,3263,2832,2857,2553,2744,4010,4011,4985,4985
2019-11-07,3912,3910,3458,3457,3254,3263,2832,2857,2557,2747,4010,4011,4985,4985
2019-11-08,3912,3910,3458,3457,3254,3263,2832,2857,2561,2748,4010,4011,4985,4985
2019-11-09,3912,3910,3458,3457,3254,3263,2833,2857,2562,2748,4010,4011,4985,4985
2019-11-10,3912,3910,3458,3457,3254,3263,2833,2857,2563,2752,4010,4011,4985,4985
2019-11-11,3912,3910,3458,3457,3254,3263,2833,2857,2564,2753,4010,4011,4985,4985
2019-11-12,3912,3910,3458,3457,3254,3263,2834,2857,2566,2756,4012,4011,4985,4985
2019-11-13,3912,3910,3458,3457,3254,3263,2834,2857,2567,2757,4012,4011,4985,4985
2019-11-14,3912,3910,3458,3457,3254,3263,2834,2857,2569,2757,4012,4011,4985,4985
2019-11-15,3912,3910,3458,3457,3254,3263,2834,2858,2570,2758,4012,4011,4985,4985
2019-11-16,3912,3910,3458,3457,3254,3263,2835,2858,2572,2758,4012,4011,4985,4985
2019-11-17,3912,3910,3458,3457,3254,3263,2835,2858,2574,2760,4012,4011,4985,4985
2019-11-18,3912,3910,3458,3457,3254,3263,2835,2858,2577,2762,4013,4011,4985,4985
2019-11-19,3912,3910,3458,3457,3254,3263,2835,2859,2581,2763,4013,4011,4985,4985
2019-11-20,3912,3910,3458,3457,3254,3263,2836,2859,2582,2763,4013,4011,4985,4985
2019-11-21,3912,3910,3458,3457,3254,3263,2836,2859,2584,2764,4013,4011,4985,4985
2019-11-22,3912,3910,3458,3457,3254,3263,2836,2859,2588,2766,4013,4011,4985,4985
2019-11-23,3912,3910,3458,3457,3254,3263,2837,2859,2592,2767,4013,4011,4985,4985
2019-11-24,3912,3910,3458,3457,3254,3263,2837,2859,2593,2769,4013,4011,4985,4985
2019-11-25,3912,3910,3458,3457,3254,3263,2837,2859,2597,2772,4013,4011,4985,4985
2019-11-26,3912,3910,3458,3457,3254,3263,2838,2859,2600,2775,4013,4011,4985,4985
2019-11-27,3912,3910,3458,3457,3254,3263,2838,2859,2600,2778,4013,4011,4985,4985
2019-11-28,3912,3910,3458,3457,3254,3263,2838,2859,2604,2780,4013,4011,4985,4985
2019-11-29,3912,3910,3458,3457,3254,3263,2838,2859,2608,2782,4013,4011,4985,4985
2019-11-30,3912,3910,3458,3457,3254,3263,2838,2859,2613,2784,4013,4011,4985,4985
2019-12-01,3912,3910,3458,3457,3254,3263,2838,2859,2614,2784,4013,4011,4985,4985
2019-12-02,3912,3910,3458,3457,3254,3263,2839,2859,2618,2787,4013,4011,4985,4985
2019-12-03,3912,3910,3458,3457,3254,3263,2839,2859,2619,2791,4013,4011,4985,4985
2019-12-04,3912,3910,3458,3457,3254,3263,2839,2860,2621,2792,4013,4011,4985,4985
2019-12-05,3912,3910,3458,3457,3254,3263,2840,2860,2624,2794,4013,4011,4985,4985
2019-12-06,3912,3910,3458,3457,3254,3263,2840,2860,2627,2794,4013,4011,4985,4985
2019-12-07,3912,3910,3458,3457,3254,3263,2841,2860,2629,2795,4013,4011,4985,4985
2019-12-08,3912,3910,3458,3457,3254,3263,2843,2860,2633,2796,4013,4011,4985,4985
2019-12-09,3912,3910,3458,3457,3254,3263,2843,2860,2633,2799,4013,4011,4985,4985
2019-12-10,3912,3910,3458,3457,3254,3263,2843,2860,2634,2802,4013,4011,4985,4985
2019-12-11,3912,3910,3458,3457,3254,3263,2843,2860,2636,2804,4013,4011,4985,4985
2019-12-12,3912,3910,3458,3457,3254,3263,2843,2860,2638,2808,4013,4011,4985,4985
2019-12-13,3912,3910,3458,3457,3254,3263,2843,2860,2640,2812,4013,4011,4985,4985
2019-12-14,3912,3910,3458,3457,3254,3263,2843,2860,2642,2815,4013,4011,4985,4985
2019-12-15,3912,3910,3458,3457,3254,3263,2843,2860,2645,2816,4013,4011,4985,4985
2019-12-16,3912,3910,3458,3457,3254,3263,2843,2860,2646,2817,4013,4012,4985,4985
2019-12-17,3912,3910,3458,3457,3254,3263,2843,2860,2652,2817,4013,4012,4985,4985
2019-12-18,3912,3910,3458,3457,3255,3263,2843,2860,2655,2818,4013,4012,4985,4985
2019-12-19,3912,3910,3458,3457,3255,3263,2843,2860,2658,2818,4013,4012,4985,4985
2019-12-20,3912,3910,3458,3457,3255,3263,2843,2860,2663,2819,4013,4012,4985,4985
2019-12-21,3912,3910,3458,3457,3255,3263,2843,2860,2665,2821,4013,4012,4985,4985
2019-12-22,3912,3910,3458,3457,3255,3263,2843,2860,2668,2823,4013,4012,4985,4985
2019-12-23,3912,3910,3458,3457,3255,3263,2843,2860,2670,2825,4013,4012,4985,4985
2019-12-24,3912,3910,3458,3457,3255,3263,2843,2860,2673,2826,4013,4012,4985,4985
2019-12-25,3912,3910,3458,3457,3255,3263,2844,2860,2678,2826,4013,4012,4985,4985
2019-12-26,3912,3910,3458,3457,3255,3263,2844,2860,2682,2828,4013,4012,4985,4985
2019-12-27,3912,3910,3458,3457,3255,3263,2844,2860,2684,2828,4013,4012,4985,4985
2019-12-28,3912,3910,3458,3457,3255,3263,2844,2860,2687,2832,4013,4012,4985,4985
2019-12-29,3912,3910,3458,3457,3255,3263,2845,2860,2688,2833,4014,4012,4985,4985
2019-12-30,3912,3910,3458,3457,3255,3263,2845,2860,2689,2833,4014,4012,4985,4985
2019-12-31,3912,3910,3458,3457,3255,3263,2845,2860,2692,2833,4014,4012,4985,4985
2020-01-01,3912,3910,3458,3457,3255,3263,2845,2860,2697,2834,4014,4012,4985,4985
2020-01-02,3912,3910,3458,3457,3255,3263,2845,2860,2699,2835,4014,4012,4985,4985
2020-01-03,3912,3910,3458,3457,3255,3263,2845,2860,2701,2836,4014,4012,4985,4985
2020-01-04,3912,3910,3458,3457,3255,3263,2845,2860,2703,2837,4014,4012,4985,4985
2020-01-05,3912,3910,3458,3457,3255,3263,2845,2860,2705,2840,4014,4012,4985,4985
2020-01-06,3912,3910,3458,3457,3255,3263,2845,2860,2705,2840,4014,4012,4985,4985
2020-01-07,3912,3910,3458,3457,3255,3263,2845,2860,2706,2841,4014,4012,4985,4985
2020-01-08,3912,3910,3458,3457,3255,3263,2845,2860,2710,2843,4014,4012,4985,4985
2020-01-09,3912,3910,3458,3457,3255,3263,2845,2860,2714,2844,4014,4012,4985,4985
2020-01-10,3912,3910,3458,3457,3255,3263,2845,2860,2716,2846,4014,4012,4985,4985
2020-01-11,3912,3910,3458,3457,3255,3263,2845,2861,2718,2848,4014,4012,4985,4985
2020-01-12,3912,3910,3458,3457,3255,3263,2847,2861,2721,2848,4014,4012,4985,4985
2020-01-13,3912,3910,3458,3457,3255,3263,2847,2861,2721,2848,4014,4012,4985,4985
2020-01-14,3912,3910,3458,3457,3255,3263,2847,2861,2722,2851,4014,4012,4985,4985
2020-01-15,3912,3910,3458,3457,3255,3263,2848,2861,2725,2856,4014,4012,4985,4985
2020-01-16,3912,3910,3458,3457,3255,3263,2848,2861,2727,2857,4014,4012,4985,4985
2020-01-17,3912,3910,3458,3457,3255,3263,2848,2862,2731,2857,4014,4012,4985,4985
2020-01-18,3912,3910,3458,3457,3255,3263,2848,2862,2733,2860,4014,4012,4985,4985
2020-01-19,3912,3910,3458,3457,3255,3263,2848,2862,2736,2861,4014,4012,4985,4985
2020-01-20,3912,3910,3458,3457,3255,3263,2848,2862,2737,2863,4014,4012,4985,4985
2020-01-21,3912,3910,3458,3457,3255,3263,2848,2862,2738,2864,4015,4012,4985,4985
2020-01-22,3912,3910,3458,3457,3255,3263,2848,2862,2738,2865,4015,4012,4985,4985
2020-01-23,3912,3910,3458,3457,3255,3263,2848,2862,2744,2866,4015,4012,4985,4985
2020-01-24,3912,3910,3458,3457,3255,3263,2848,2862,2748,2869,4015,4012,4985,4985
2020-01-25,3912,3910,3458,3457,3255,3263,2848,2862,2750,2873,4015,4012,4985,4985
2020-01-26,3912,3910,3458,3457,3255,3263,2848,2862,2751,2873,4015,4012,4985,4985
2020-01-27,3912,3910,3458,3457,3255,3263,2848,2862,2753,2878,4015,4012,4985,4985
2020-01-28,3912,3910,3458,3457,3255,3263,2848,2862,2753,2879,4015,4012,4985,4985
2020-01-29,3912,3910,3458,3457,3255,3263,2848,2862,2753,2880,4015,4012,4985,4985
2020-01-30,3912,3910,3458,3457,3255,3263,2849,2862,2754,2880,4015,4012,4985,4985
2020-01-31,3912,3910,3458,3457,3255,3263,2849,2862,2758,2881,4015,4012,4985,4985
2020-02-01,3912,3910,3458,3457,3255,3263,2849,2862,2758,2883,4015,4012,4985,4985
2020-02-02,3912,3910,3458,3457,3255,3263,2849,2862,2759,2883,4015,4012,4985,4985
2020-02-03,3912,3910,3458,3457,3255,3263,2849,2862,2760,2884,4015,4012,4985,4985
2020-02-04,3912,3910,3458,3457,3255,3263,2849,2862,2761,2885,4015,4012,4985,4985
2020-02-05,3912,3910,3458,3457,3255,3263,2849,2862,2761,2886,4015,4012,4985,4985
2020-02-06,3912,3910,3458,3457,3255,3263,2849,2862,2764,2887,4015,4012,4985,4985
2020-02-07,3912,3910,3458,3457,3255,3263,2849,2862,2764,2887,4015,4012,4985,4985
2020-02-08,3912,3910,3458,3457,3255,3263,2849,2862,2764,2887,4015,4012,4985,4985
2020-02-09,3912,3910,3458,3457,3255,3263,2849,2862,2766,2888,4015,4012,4985,4985
2020-02-10,3912,3910,3458,3457,3255,3263,2849,2862,2767,2888,4015,4012,4985,4985
2020-02-11,3912,3910,3458,3457,3255,3263,2849,2863,2768,2889,4015,4012,4985,4985
2020-02-12,3912,3910,3458,3457,3255,3263,2850,2863,2772,2889,4015,4012,4985,4985
2020-02-13,3912,3910,3458,3457,3255,3263,2850,2863,2774,2889,4015,4012,4985,4985
2020-02-14,3912,3910,3458,3457,3255,3263,2850,2863,2776,2890,4015,4012,4985,4985
2020-02-15,3912,3910,3458,3457,3255,3263,2850,2863,2777,2893,4015,4012,4985,4985
2020-02-16,3912,3910,3458,3457,3255,3263,2850,2863,2778,2894,4015,4012,4985,4985
2020-02-17,3912,3910,3458,3457,3255,3263,2850,2863,2778,2895,4015,4012,4985,4985
2020-02-18,3912,3910,3458,3457,3255,3263,2850,2863,2781,2897,4015,4012,4985,4985
2020-02-19,3912,3910,3458,3457,3255,3263,2850,2863,2783,2897,4015,4012,4985,4985
2020-02-20,3912,3910,3458,3457,3255,3263,2850,2863,2786,2897,4015,4012,4985,4985
2020-02-21,3912,3910,3458,3457,3255,3263,2850,2863,2786,2899,4015,4012,4985,4985
2020-02-22,3912,3910,3458,3457,3255,3263,2851,2863,2789,2899,4015,4012,4985,4985
2020-02-23,3912,3910,3458,3457,3255,3263,2851,2863,2789,2900,4015,4012,4985,4985
2020-02-24,3912,3910,3458,3457,3255,3263,2851,2863,2789,2901,4015,4012,4985,4985
2020-02-25,3912,3910,3458,3457,3255,3263,2851,2863,2789,2905,4015,4012,4985,4985
2020-02-26,3912,3910,3458,3457,3255,3263,2851,2863,2791,2908,4015,4012,4985,4985
2020-02-27,3912,3910,3458,3457,3255,3263,2851,2863,2791,2908,4015,4012,4985,4985
2020-02-28,3912,3910,3458,3457,3255,3263,2851,2863,2791,2909,4015,4012,4985,4985
2020-02-29,3912,3910,3458,3457,3255,3263,2851,2863,2793,2910,4015,4012,4985,4985
2020-03-01,3912,3910,3458,3457,3255,3263,2851,2863,2796,2910,4016,4012,4985,4985
2020-03-02,3912,3910,3458,3457,3255,3263,2851,2863,2799,2912,4016,4012,4985,4985
2020-03-03,3912,3910,3458,3457,3255,3263,2851,2863,2800,2913,4016,4012,4985,4985
2020-03-04,3912,3910,3458,3457,3255,3263,2851,2863,2802,2917,4018,4012,4985,4985
2020-03-05,3912,3910,3458,3457,3255,3263,2852,2863,2802,2918,4018,4012,4985,4985
2020-03-06,3912,3910,3458,3457,3255,3263,2852,2863,2802,2919,4018,4012,4985,4985
2020-03-07,3912,3910,3458,3457,3255,3263,2852,2863,2803,2919,4018,4012,4985,4985
2020-03-08,3912,3910,3458,3457,3255,3263,2852,2863,2804,2919,4018,4012,4985,4985
2020-03-09,3912,3910,3458,3457,3255,3263,2853,2863,2806,2921,4018,4012,4985,4985
2020-03-10,3912,3910,3458,3457,3255,3263,2853,2863,2806,2923,4018,4012,4985,4985
2020-03-11,3912,3910,3458,3457,3255,3263,2853,2863,2806,2925,4018,4012,4985,4985
2020-03-12,3912,3910,3458,3457,3255,3263,2853,2863,2806,2927,4018,4012,4985,4985
2020-03-13,3912,3910,3458,3457,3255,3263,2853,2863,2808,2930,4018,4012,4985,4985
2020-03-14,3912,3910,3458,3457,3255,3263,2853,2863,2811,2932,4018,4012,4985,4985
2020-03-15,3912,3910,3458,3457,3255,3263,2853,2863,2812,2933,4018,4012,4985,4985
2020-03-16,3912,3910,3458,3457,3255,3263,2853,2863,2816,2933,4018,4012,4985,4985
2020-03-17,3912,3910,3458,3457,3255,3263,2854,2863,2816,2935,4018,4012,4985,4985
2020-03-18,3912,3910,3458,3457,3255,3263,2854,2863,2817,2935,4018,4012,4985,4985
2020-03-19,3912,3910,3458,3457,3255,3263,2854,2863,2819,2936,4018,4012,4985,4985
2020-03-20,3912,3910,3458,3457,3255,3263,2854,2863,2821,2936,4018,4012,4985,4985
2020-03-21,3912,3910,3458,3457,3255,3263,2854,2863,2821,2936,4018,4012,4985,4985
2020-03-22,3912,3910,3458,3457,3255,3263,2854,2863,2824,2937,4018,4012,4985,4985
2020-03-23,3912,3910,3458,3457,3255,3263,2854,2863,2825,2937,4018,4012,4985,4985
2020-03-24,3912,3910,3458,3457,3255,3263,2854,2863,2828,2937,4018,4012,4985,4985
2020-03-25,3912,3910,3458,3457,3255,3263,2854,2863,2829,2937,4018,4012,4985,4985
2020-03-26,3912,3910,3458,3457,3256,3263,2854,2863,2832,2939,4018,4012,4985,4985
2020-03-27,3912,3910,3458,3457,3256,3263,2855,2863,2834,2940,4018,4012,4985,4985
2020-03-28,3912,3910,3458,3457,3256,3263,2855,2863,2836,2942,4018,4012,4985,4985
2020-03-29,3912,3910,3458,3457,3256,3263,2855,2863,2838,2943,4018,4012,4985,4985
2020-03-30,3912,3910,3458,3457,3256,3263,2855,2863,2838,2943,4018,4012,4985,4985
2020-03-31,3912,3910,3458,3457,3256,3263,2855,2863,2840,2945,4018,4012,4985,4985
2020-04-01,3912,3910,3458,3457,3256,3263,2855,2863,2842,2945,4018,4012,4985,4985
2020-04-02,3912,3910,3458,3457,3256,3263,2855,2863,2844,2946,4018,4012,4985,4985
2020-04-03,3912,3910,3458,3457,3256,3263,2855,2863,2844,2948,4018,4012,4985,4985
2020-04-04,3912,3910,3458,3457,3256,3263,2855,2863,2845,2949,4018,4012,4985,4985
2020-04-05,3912,3910,3458,3457,3256,3263,2855,2863,2846,2949,4018,4012,4985,4985
2020-04-06,3912,3910,3458,3457,3256,3263,2855,2863,2846,2949,4018,4012,4985,4985
2020-04-07,3912,3910,3458,3457,3256,3263,2855,2863,2848,2950,4018,4012,4985,4985
2020-04-08,3912,3910,3458,3457,3256,3263,2855,2863,2848,2953,4018,4012,4985,4985
2020-04-09,3912,3910,3458,3457,3256,3263,2855,2863,2851,2955,4018,4012,4985,4985
2020-04-10,3912,3910,3458,3457,3256,3263,2855,2863,2853,2955,4018,4012,4985,4985
2020-04-11,3912,3910,3458,3457,3256,3263,2855,2863,2853,2956,4018,4012,4985,4985
2020-04-12,3912,3910,3458,3457,3256,3263,2855,2863,2853,2956,4018,4012,4985,4985
2020-04-13,3912,3910,3458,3457,3256,3263,2855,2863,2855,2957,4018,4012,4985,4985
2020-04-14,3912,3910,3458,3457,3256,3263,2855,2863,2855,2957,4018,4012,4985,4985
2020-04-15,3912,3910,3458,3457,3256,3263,2855,2863,2859,2958,4018,4012,4985,4985
2020-04-16,3912,3910,3458,3457,3256,3263,2856,2863,2860,2959,4018,4012,4985,4985
2020-04-17,3912,3910,3458,3457,3256,3263,2856,2863,2863,2959,4018,4012,4985,4985
2020-04-18,3912,3910,3458,3457,3256,3263,2856,2863,2864,2960,4018,4012,4985,4985
2020-04-19,3912,3910,3458,3457,3256,3263,2856,2863,2864,2960,4018,4012,4985,4985
2020-04-20,3912,3910,3458,3457,3256,3263,2856,2863,2864,2960,4018,4012,4985,4985
2020-04-21,3912,3910,3458,3457,3256,3263,2856,2863,2866,2960,4018,4012,4985,4985
2020-04-22,3912,3910,3458,3457,3256,3263,2856,2864,2867,2961,4018,4012,4985,4985
